grey_whale,entity,physical_entity,object,whole,living_thing,organism,animal,chordate,vertebrate,mammal,placental,aquatic_mammal,cetacean,whale,baleen_whale,grey_whale,,,
sea_lion,entity,physical_entity,object,whole,living_thing,organism,animal,chordate,vertebrate,mammal,placental,aquatic_mammal,pinniped_mammal,seal,eared_seal,sea_lion,,,
killer_whale,entity,physical_entity,object,whole,living_thing,organism,animal,chordate,vertebrate,mammal,placental,aquatic_mammal,cetacean,whale,toothed_whale,dolphin,killer_whale,,
dugong,entity,physical_entity,object,whole,living_thing,organism,animal,chordate,vertebrate,mammal,placental,aquatic_mammal,sea_cow,dugong,,,,,
kit_fox,entity,physical_entity,object,whole,living_thing,organism,animal,chordate,vertebrate,mammal,placental,carnivore,canine,fox,kit_fox,,,,
English_setter,entity,physical_entity,object,whole,living_thing,organism,animal,chordate,vertebrate,mammal,placental,carnivore,canine,dog,hunting_dog,sporting_dog,setter,english_setter,
Siberian_husky,entity,physical_entity,object,whole,living_thing,organism,animal,chordate,vertebrate,mammal,placental,carnivore,canine,dog,working_dog,sled_dog,siberian_husky,,
Australian_terrier,entity,physical_entity,object,whole,living_thing,organism,animal,chordate,vertebrate,mammal,placental,carnivore,canine,dog,hunting_dog,terrier,australian_terrier,,
English_springer,entity,physical_entity,object,whole,living_thing,organism,animal,chordate,vertebrate,mammal,placental,carnivore,canine,dog,hunting_dog,sporting_dog,spaniel,springer_spaniel,english_springer
lesser_panda,entity,physical_entity,object,whole,living_thing,organism,animal,chordate,vertebrate,mammal,placental,carnivore,procyonid,lesser_panda,,,,,
Egyptian_cat,entity,physical_entity,object,whole,living_thing,organism,animal,chordate,vertebrate,mammal,placental,carnivore,feline,cat,domestic_cat,egyptian_cat,,,
Persian_cat,entity,physical_entity,object,whole,living_thing,organism,animal,chordate,vertebrate,mammal,placental,carnivore,feline,cat,domestic_cat,persian_cat,,,
cougar,entity,physical_entity,object,whole,living_thing,organism,animal,chordate,vertebrate,mammal,placental,carnivore,feline,cat,wildcat,cougar,,,
malamute,entity,physical_entity,object,whole,living_thing,organism,animal,chordate,vertebrate,mammal,placental,carnivore,canine,dog,working_dog,sled_dog,malamute,,
badger,entity,physical_entity,object,whole,living_thing,organism,animal,chordate,vertebrate,mammal,placental,carnivore,musteline_mammal,badger,,,,,
Great_Dane,entity,physical_entity,object,whole,living_thing,organism,animal,chordate,vertebrate,mammal,placental,carnivore,canine,dog,working_dog,great_dane,,,
Walker_hound,entity,physical_entity,object,whole,living_thing,organism,animal,chordate,vertebrate,mammal,placental,carnivore,canine,dog,hunting_dog,hound,foxhound,walker_hound,
Welsh_springer_spaniel,entity,physical_entity,object,whole,living_thing,organism,animal,chordate,vertebrate,mammal,placental,carnivore,canine,dog,hunting_dog,sporting_dog,spaniel,springer_spaniel,welsh_springer_spaniel
whippet,entity,physical_entity,object,whole,living_thing,organism,animal,chordate,vertebrate,mammal,placental,carnivore,canine,dog,hunting_dog,hound,greyhound,whippet,
Scottish_deerhound,entity,physical_entity,object,whole,living_thing,organism,animal,chordate,vertebrate,mammal,placental,carnivore,canine,dog,hunting_dog,hound,scottish_deerhound,,
mink,entity,physical_entity,object,whole,living_thing,organism,animal,chordate,vertebrate,mammal,placental,carnivore,musteline_mammal,mink,,,,,
Weimaraner,entity,physical_entity,object,whole,living_thing,organism,animal,chordate,vertebrate,mammal,placental,carnivore,canine,dog,hunting_dog,hound,weimaraner,,
soft-coated_wheaten_terrier,entity,physical_entity,object,whole,living_thing,organism,animal,chordate,vertebrate,mammal,placental,carnivore,canine,dog,hunting_dog,terrier,soft-coated_wheaten_terrier,,
Dandie_Dinmont,entity,physical_entity,object,whole,living_thing,organism,animal,chordate,vertebrate,mammal,placental,carnivore,canine,dog,hunting_dog,terrier,dandie_dinmont,,
red_wolf,entity,physical_entity,object,whole,living_thing,organism,animal,chordate,vertebrate,mammal,placental,carnivore,canine,wolf,red_wolf,,,,
Old_English_sheepdog,entity,physical_entity,object,whole,living_thing,organism,animal,chordate,vertebrate,mammal,placental,carnivore,canine,dog,working_dog,shepherd_dog,old_english_sheepdog,,
jaguar,entity,physical_entity,object,whole,living_thing,organism,animal,chordate,vertebrate,mammal,placental,carnivore,feline,big_cat,jaguar,,,,
otterhound,entity,physical_entity,object,whole,living_thing,organism,animal,chordate,vertebrate,mammal,placental,carnivore,canine,dog,hunting_dog,hound,otterhound,,
bloodhound,entity,physical_entity,object,whole,living_thing,organism,animal,chordate,vertebrate,mammal,placental,carnivore,canine,dog,hunting_dog,hound,bloodhound,,
Airedale,entity,physical_entity,object,whole,living_thing,organism,animal,chordate,vertebrate,mammal,placental,carnivore,canine,dog,hunting_dog,terrier,airedale,,
hyena,entity,physical_entity,object,whole,living_thing,organism,animal,chordate,vertebrate,mammal,placental,carnivore,canine,hyena,,,,,
meerkat,entity,physical_entity,object,whole,living_thing,organism,animal,chordate,vertebrate,mammal,placental,carnivore,viverrine,meerkat,,,,,
giant_schnauzer,entity,physical_entity,object,whole,living_thing,organism,animal,chordate,vertebrate,mammal,placental,carnivore,canine,dog,hunting_dog,terrier,schnauzer,giant_schnauzer,
black-footed_ferret,entity,physical_entity,object,whole,living_thing,organism,animal,chordate,vertebrate,mammal,placental,carnivore,musteline_mammal,black-footed_ferret,,,,,
dalmatian,entity,physical_entity,object,whole,living_thing,organism,animal,chordate,vertebrate,mammal,placental,carnivore,canine,dog,dalmatian,,,,
black-and-tan_coonhound,entity,physical_entity,object,whole,living_thing,organism,animal,chordate,vertebrate,mammal,placental,carnivore,canine,dog,hunting_dog,hound,coonhound,black-and-tan_coonhound,
papillon,entity,physical_entity,object,whole,living_thing,organism,animal,chordate,vertebrate,mammal,placental,carnivore,canine,dog,toy_dog,toy_spaniel,papillon,,
skunk,entity,physical_entity,object,whole,living_thing,organism,animal,chordate,vertebrate,mammal,placental,carnivore,musteline_mammal,skunk,,,,,
Staffordshire_bullterrier,entity,physical_entity,object,whole,living_thing,organism,animal,chordate,vertebrate,mammal,placental,carnivore,canine,dog,hunting_dog,terrier,bullterrier,staffordshire_bullterrier,
Mexican_hairless,entity,physical_entity,object,whole,living_thing,organism,animal,chordate,vertebrate,mammal,placental,carnivore,canine,dog,mexican_hairless,,,,
Bouvier_des_Flandres,entity,physical_entity,object,whole,living_thing,organism,animal,chordate,vertebrate,mammal,placental,carnivore,canine,dog,working_dog,shepherd_dog,bouvier_des_flandres,,
weasel,entity,physical_entity,object,whole,living_thing,organism,animal,chordate,vertebrate,mammal,placental,carnivore,musteline_mammal,weasel,,,,,
miniature_poodle,entity,physical_entity,object,whole,living_thing,organism,animal,chordate,vertebrate,mammal,placental,carnivore,canine,dog,poodle,miniature_poodle,,,
Cardigan,entity,physical_entity,object,whole,living_thing,organism,animal,chordate,vertebrate,mammal,placental,carnivore,canine,dog,corgi,cardigan,,,
malinois,entity,physical_entity,object,whole,living_thing,organism,animal,chordate,vertebrate,mammal,placental,carnivore,canine,dog,working_dog,shepherd_dog,belgian_sheepdog,malinois,
tiger_cat,entity,physical_entity,object,whole,living_thing,organism,animal,chordate,vertebrate,mammal,placental,carnivore,feline,cat,domestic_cat,tiger_cat,,,
Lhasa,entity,physical_entity,object,whole,living_thing,organism,animal,chordate,vertebrate,mammal,placental,carnivore,canine,dog,hunting_dog,terrier,lhasa,,
coyote,entity,physical_entity,object,whole,living_thing,organism,animal,chordate,vertebrate,mammal,placental,carnivore,canine,wolf,coyote,,,,
Yorkshire_terrier,entity,physical_entity,object,whole,living_thing,organism,animal,chordate,vertebrate,mammal,placental,carnivore,canine,dog,hunting_dog,terrier,yorkshire_terrier,,
Newfoundland,entity,physical_entity,object,whole,living_thing,organism,animal,chordate,vertebrate,mammal,placental,carnivore,canine,dog,newfoundland,,,,
brown_bear,entity,physical_entity,object,whole,living_thing,organism,animal,chordate,vertebrate,mammal,placental,carnivore,bear,brown_bear,,,,,
red_fox,entity,physical_entity,object,whole,living_thing,organism,animal,chordate,vertebrate,mammal,placental,carnivore,canine,fox,red_fox,,,,
Norwegian_elkhound,entity,physical_entity,object,whole,living_thing,organism,animal,chordate,vertebrate,mammal,placental,carnivore,canine,dog,hunting_dog,hound,norwegian_elkhound,,
Rottweiler,entity,physical_entity,object,whole,living_thing,organism,animal,chordate,vertebrate,mammal,placental,carnivore,canine,dog,working_dog,shepherd_dog,rottweiler,,
Saluki,entity,physical_entity,object,whole,living_thing,organism,animal,chordate,vertebrate,mammal,placental,carnivore,canine,dog,hunting_dog,hound,saluki,,
grey_fox,entity,physical_entity,object,whole,living_thing,organism,animal,chordate,vertebrate,mammal,placental,carnivore,canine,fox,grey_fox,,,,
schipperke,entity,physical_entity,object,whole,living_thing,organism,animal,chordate,vertebrate,mammal,placental,carnivore,canine,dog,working_dog,watchdog,schipperke,,
Pekinese,entity,physical_entity,object,whole,living_thing,organism,animal,chordate,vertebrate,mammal,placental,carnivore,canine,dog,toy_dog,pekinese,,,
Brabancon_griffon,entity,physical_entity,object,whole,living_thing,organism,animal,chordate,vertebrate,mammal,placental,carnivore,canine,dog,griffon,brabancon_griffon,,,
West_Highland_white_terrier,entity,physical_entity,object,whole,living_thing,organism,animal,chordate,vertebrate,mammal,placental,carnivore,canine,dog,hunting_dog,terrier,west_highland_white_terrier,,
Sealyham_terrier,entity,physical_entity,object,whole,living_thing,organism,animal,chordate,vertebrate,mammal,placental,carnivore,canine,dog,hunting_dog,terrier,wirehair,welsh_terrier,sealyham_terrier
mongoose,entity,physical_entity,object,whole,living_thing,organism,animal,chordate,vertebrate,mammal,placental,carnivore,viverrine,mongoose,,,,,
tiger,entity,physical_entity,object,whole,living_thing,organism,animal,chordate,vertebrate,mammal,placental,carnivore,feline,big_cat,tiger,,,,
Irish_wolfhound,entity,physical_entity,object,whole,living_thing,organism,animal,chordate,vertebrate,mammal,placental,carnivore,canine,dog,hunting_dog,hound,wolfhound,irish_wolfhound,
EntleBucher,entity,physical_entity,object,whole,living_thing,organism,animal,chordate,vertebrate,mammal,placental,carnivore,canine,dog,working_dog,sennenhunde,entlebucher,,
French_bulldog,entity,physical_entity,object,whole,living_thing,organism,animal,chordate,vertebrate,mammal,placental,carnivore,canine,dog,working_dog,bulldog,french_bulldog,,
basenji,entity,physical_entity,object,whole,living_thing,organism,animal,chordate,vertebrate,mammal,placental,carnivore,canine,dog,basenji,,,,
leopard,entity,physical_entity,object,whole,living_thing,organism,animal,chordate,vertebrate,mammal,placental,carnivore,feline,big_cat,leopard,,,,
Bernese_mountain_dog,entity,physical_entity,object,whole,living_thing,organism,animal,chordate,vertebrate,mammal,placental,carnivore,canine,dog,working_dog,sennenhunde,bernese_mountain_dog,,
Maltese_dog,entity,physical_entity,object,whole,living_thing,organism,animal,chordate,vertebrate,mammal,placental,carnivore,canine,dog,toy_dog,maltese_dog,,,
Norfolk_terrier,entity,physical_entity,object,whole,living_thing,organism,animal,chordate,vertebrate,mammal,placental,carnivore,canine,dog,hunting_dog,terrier,norfolk_terrier,,
toy_terrier,entity,physical_entity,object,whole,living_thing,organism,animal,chordate,vertebrate,mammal,placental,carnivore,canine,dog,toy_dog,toy_terrier,,,
vizsla,entity,physical_entity,object,whole,living_thing,organism,animal,chordate,vertebrate,mammal,placental,carnivore,canine,dog,hunting_dog,sporting_dog,pointer,vizsla,
cairn,entity,physical_entity,object,whole,living_thing,organism,animal,chordate,vertebrate,mammal,placental,carnivore,canine,dog,hunting_dog,terrier,cairn,,
groenendael,entity,physical_entity,object,whole,living_thing,organism,animal,chordate,vertebrate,mammal,placental,carnivore,canine,dog,working_dog,shepherd_dog,belgian_sheepdog,groenendael,
clumber,entity,physical_entity,object,whole,living_thing,organism,animal,chordate,vertebrate,mammal,placental,carnivore,canine,dog,hunting_dog,sporting_dog,spaniel,clumber,
Siamese_cat,entity,physical_entity,object,whole,living_thing,organism,animal,chordate,vertebrate,mammal,placental,carnivore,feline,cat,domestic_cat,siamese_cat,,,
komondor,entity,physical_entity,object,whole,living_thing,organism,animal,chordate,vertebrate,mammal,placental,carnivore,canine,dog,working_dog,shepherd_dog,komondor,,
Afghan_hound,entity,physical_entity,object,whole,living_thing,organism,animal,chordate,vertebrate,mammal,placental,carnivore,canine,dog,hunting_dog,hound,afghan_hound,,
Japanese_spaniel,entity,physical_entity,object,whole,living_thing,organism,animal,chordate,vertebrate,mammal,placental,carnivore,canine,dog,toy_dog,japanese_spaniel,,,
white_wolf,entity,physical_entity,object,whole,living_thing,organism,animal,chordate,vertebrate,mammal,placental,carnivore,canine,wolf,white_wolf,,,,
ice_bear,entity,physical_entity,object,whole,living_thing,organism,animal,chordate,vertebrate,mammal,placental,carnivore,bear,ice_bear,,,,,
borzoi,entity,physical_entity,object,whole,living_thing,organism,animal,chordate,vertebrate,mammal,placental,carnivore,canine,dog,hunting_dog,hound,wolfhound,borzoi,
toy_poodle,entity,physical_entity,object,whole,living_thing,organism,animal,chordate,vertebrate,mammal,placental,carnivore,canine,dog,poodle,toy_poodle,,,
Kerry_blue_terrier,entity,physical_entity,object,whole,living_thing,organism,animal,chordate,vertebrate,mammal,placental,carnivore,canine,dog,hunting_dog,terrier,kerry_blue_terrier,,
Scotch_terrier,entity,physical_entity,object,whole,living_thing,organism,animal,chordate,vertebrate,mammal,placental,carnivore,canine,dog,hunting_dog,terrier,scotch_terrier,,
Tibetan_mastiff,entity,physical_entity,object,whole,living_thing,organism,animal,chordate,vertebrate,mammal,placental,carnivore,canine,dog,working_dog,mastiff,tibetan_mastiff,,
Doberman,entity,physical_entity,object,whole,living_thing,organism,animal,chordate,vertebrate,mammal,placental,carnivore,canine,dog,working_dog,watchdog,pinscher,doberman,
Boston_bull,entity,physical_entity,object,whole,living_thing,organism,animal,chordate,vertebrate,mammal,placental,carnivore,canine,dog,hunting_dog,terrier,boston_bull,,
Greater_Swiss_Mountain_dog,entity,physical_entity,object,whole,living_thing,organism,animal,chordate,vertebrate,mammal,placental,carnivore,canine,dog,working_dog,sennenhunde,greater_swiss_mountain_dog,,
Appenzeller,entity,physical_entity,object,whole,living_thing,organism,animal,chordate,vertebrate,mammal,placental,carnivore,canine,dog,working_dog,sennenhunde,appenzeller,,
Shih-Tzu,entity,physical_entity,object,whole,living_thing,organism,animal,chordate,vertebrate,mammal,placental,carnivore,canine,dog,toy_dog,shih-tzu,,,
Irish_water_spaniel,entity,physical_entity,object,whole,living_thing,organism,animal,chordate,vertebrate,mammal,placental,carnivore,canine,dog,hunting_dog,sporting_dog,spaniel,water_spaniel,irish_water_spaniel
Pomeranian,entity,physical_entity,object,whole,living_thing,organism,animal,chordate,vertebrate,mammal,placental,carnivore,canine,dog,spitz,pomeranian,,,
Bedlington_terrier,entity,physical_entity,object,whole,living_thing,organism,animal,chordate,vertebrate,mammal,placental,carnivore,canine,dog,hunting_dog,terrier,bedlington_terrier,,
miniature_schnauzer,entity,physical_entity,object,whole,living_thing,organism,animal,chordate,vertebrate,mammal,placental,carnivore,canine,dog,hunting_dog,terrier,schnauzer,miniature_schnauzer,
collie,entity,physical_entity,object,whole,living_thing,organism,animal,chordate,vertebrate,mammal,placental,carnivore,canine,dog,working_dog,shepherd_dog,collie,,
golden_retriever,entity,physical_entity,object,whole,living_thing,organism,animal,chordate,vertebrate,mammal,placental,carnivore,canine,dog,hunting_dog,sporting_dog,retriever,golden_retriever,
Irish_terrier,entity,physical_entity,object,whole,living_thing,organism,animal,chordate,vertebrate,mammal,placental,carnivore,canine,dog,hunting_dog,terrier,irish_terrier,,
affenpinscher,entity,physical_entity,object,whole,living_thing,organism,animal,chordate,vertebrate,mammal,placental,carnivore,canine,dog,working_dog,watchdog,pinscher,affenpinscher,
Border_collie,entity,physical_entity,object,whole,living_thing,organism,animal,chordate,vertebrate,mammal,placental,carnivore,canine,dog,working_dog,shepherd_dog,border_collie,,
boxer,entity,physical_entity,object,whole,living_thing,organism,animal,chordate,vertebrate,mammal,placental,carnivore,canine,dog,working_dog,boxer,,,
silky_terrier,entity,physical_entity,object,whole,living_thing,organism,animal,chordate,vertebrate,mammal,placental,carnivore,canine,dog,hunting_dog,terrier,silky_terrier,,
beagle,entity,physical_entity,object,whole,living_thing,organism,animal,chordate,vertebrate,mammal,placental,carnivore,canine,dog,hunting_dog,hound,beagle,,
Leonberg,entity,physical_entity,object,whole,living_thing,organism,animal,chordate,vertebrate,mammal,placental,carnivore,canine,dog,leonberg,,,,
German_short-haired_pointer,entity,physical_entity,object,whole,living_thing,organism,animal,chordate,vertebrate,mammal,placental,carnivore,canine,dog,hunting_dog,sporting_dog,pointer,german_short-haired_pointer,
dhole,entity,physical_entity,object,whole,living_thing,organism,animal,chordate,vertebrate,mammal,placental,carnivore,canine,wild_dog,dhole,,,,
Chesapeake_Bay_retriever,entity,physical_entity,object,whole,living_thing,organism,animal,chordate,vertebrate,mammal,placental,carnivore,canine,dog,hunting_dog,sporting_dog,retriever,chesapeake_bay_retriever,
bull_mastiff,entity,physical_entity,object,whole,living_thing,organism,animal,chordate,vertebrate,mammal,placental,carnivore,canine,dog,working_dog,bull_mastiff,,,
kuvasz,entity,physical_entity,object,whole,living_thing,organism,animal,chordate,vertebrate,mammal,placental,carnivore,canine,dog,working_dog,watchdog,kuvasz,,
pug,entity,physical_entity,object,whole,living_thing,organism,animal,chordate,vertebrate,mammal,placental,carnivore,canine,dog,pug,,,,
curly-coated_retriever,entity,physical_entity,object,whole,living_thing,organism,animal,chordate,vertebrate,mammal,placental,carnivore,canine,dog,hunting_dog,sporting_dog,retriever,curly-coated_retriever,
Norwich_terrier,entity,physical_entity,object,whole,living_thing,organism,animal,chordate,vertebrate,mammal,placental,carnivore,canine,dog,hunting_dog,terrier,norwich_terrier,,
flat-coated_retriever,entity,physical_entity,object,whole,living_thing,organism,animal,chordate,vertebrate,mammal,placental,carnivore,canine,dog,hunting_dog,sporting_dog,retriever,flat-coated_retriever,
keeshond,entity,physical_entity,object,whole,living_thing,organism,animal,chordate,vertebrate,mammal,placental,carnivore,canine,dog,spitz,keeshond,,,
Eskimo_dog,entity,physical_entity,object,whole,living_thing,organism,animal,chordate,vertebrate,mammal,placental,carnivore,canine,dog,working_dog,eskimo_dog,,,
Brittany_spaniel,entity,physical_entity,object,whole,living_thing,organism,animal,chordate,vertebrate,mammal,placental,carnivore,canine,dog,hunting_dog,sporting_dog,spaniel,brittany_spaniel,
standard_poodle,entity,physical_entity,object,whole,living_thing,organism,animal,chordate,vertebrate,mammal,placental,carnivore,canine,dog,poodle,standard_poodle,,,
Lakeland_terrier,entity,physical_entity,object,whole,living_thing,organism,animal,chordate,vertebrate,mammal,placental,carnivore,canine,dog,hunting_dog,terrier,wirehair,lakeland_terrier,
snow_leopard,entity,physical_entity,object,whole,living_thing,organism,animal,chordate,vertebrate,mammal,placental,carnivore,feline,big_cat,snow_leopard,,,,
Gordon_setter,entity,physical_entity,object,whole,living_thing,organism,animal,chordate,vertebrate,mammal,placental,carnivore,canine,dog,hunting_dog,sporting_dog,setter,gordon_setter,
dingo,entity,physical_entity,object,whole,living_thing,organism,animal,chordate,vertebrate,mammal,placental,carnivore,canine,wild_dog,dingo,,,,
standard_schnauzer,entity,physical_entity,object,whole,living_thing,organism,animal,chordate,vertebrate,mammal,placental,carnivore,canine,dog,hunting_dog,terrier,schnauzer,standard_schnauzer,
Tibetan_terrier,entity,physical_entity,object,whole,living_thing,organism,animal,chordate,vertebrate,mammal,placental,carnivore,canine,dog,hunting_dog,terrier,tibetan_terrier,,
Arctic_fox,entity,physical_entity,object,whole,living_thing,organism,animal,chordate,vertebrate,mammal,placental,carnivore,canine,fox,arctic_fox,,,,
wire-haired_fox_terrier,entity,physical_entity,object,whole,living_thing,organism,animal,chordate,vertebrate,mammal,placental,carnivore,canine,dog,hunting_dog,terrier,fox_terrier,wire-haired_fox_terrier,
basset,entity,physical_entity,object,whole,living_thing,organism,animal,chordate,vertebrate,mammal,placental,carnivore,canine,dog,hunting_dog,hound,basset,,
American_black_bear,entity,physical_entity,object,whole,living_thing,organism,animal,chordate,vertebrate,mammal,placental,carnivore,bear,american_black_bear,,,,,
chow,entity,physical_entity,object,whole,living_thing,organism,animal,chordate,vertebrate,mammal,placental,carnivore,canine,dog,spitz,chow,,,
giant_panda,entity,physical_entity,object,whole,living_thing,organism,animal,chordate,vertebrate,mammal,placental,carnivore,procyonid,giant_panda,,,,,
American_Staffordshire_terrier,entity,physical_entity,object,whole,living_thing,organism,animal,chordate,vertebrate,mammal,placental,carnivore,canine,dog,hunting_dog,terrier,bullterrier,american_staffordshire_terrier,
Shetland_sheepdog,entity,physical_entity,object,whole,living_thing,organism,animal,chordate,vertebrate,mammal,placental,carnivore,canine,dog,working_dog,shepherd_dog,shetland_sheepdog,,
Great_Pyrenees,entity,physical_entity,object,whole,living_thing,organism,animal,chordate,vertebrate,mammal,placental,carnivore,canine,dog,great_pyrenees,,,,
Chihuahua,entity,physical_entity,object,whole,living_thing,organism,animal,chordate,vertebrate,mammal,placental,carnivore,canine,dog,toy_dog,chihuahua,,,
tabby,entity,physical_entity,object,whole,living_thing,organism,animal,chordate,vertebrate,mammal,placental,carnivore,feline,cat,domestic_cat,tabby,,,
Labrador_retriever,entity,physical_entity,object,whole,living_thing,organism,animal,chordate,vertebrate,mammal,placental,carnivore,canine,dog,hunting_dog,sporting_dog,retriever,labrador_retriever,
Saint_Bernard,entity,physical_entity,object,whole,living_thing,organism,animal,chordate,vertebrate,mammal,placental,carnivore,canine,dog,working_dog,saint_bernard,,,
Samoyed,entity,physical_entity,object,whole,living_thing,organism,animal,chordate,vertebrate,mammal,placental,carnivore,canine,dog,spitz,samoyed,,,
bluetick,entity,physical_entity,object,whole,living_thing,organism,animal,chordate,vertebrate,mammal,placental,carnivore,canine,dog,hunting_dog,hound,bluetick,,
redbone,entity,physical_entity,object,whole,living_thing,organism,animal,chordate,vertebrate,mammal,placental,carnivore,canine,dog,hunting_dog,hound,redbone,,
polecat,entity,physical_entity,object,whole,living_thing,organism,animal,chordate,vertebrate,mammal,placental,carnivore,musteline_mammal,polecat,,,,,
kelpie,entity,physical_entity,object,whole,living_thing,organism,animal,chordate,vertebrate,mammal,placental,carnivore,canine,dog,working_dog,shepherd_dog,kelpie,,
miniature_pinscher,entity,physical_entity,object,whole,living_thing,organism,animal,chordate,vertebrate,mammal,placental,carnivore,canine,dog,working_dog,watchdog,pinscher,miniature_pinscher,
Italian_greyhound,entity,physical_entity,object,whole,living_thing,organism,animal,chordate,vertebrate,mammal,placental,carnivore,canine,dog,hunting_dog,hound,greyhound,italian_greyhound,
lion,entity,physical_entity,object,whole,living_thing,organism,animal,chordate,vertebrate,mammal,placental,carnivore,feline,big_cat,lion,,,,
cocker_spaniel,entity,physical_entity,object,whole,living_thing,organism,animal,chordate,vertebrate,mammal,placental,carnivore,canine,dog,hunting_dog,sporting_dog,spaniel,cocker_spaniel,
Irish_setter,entity,physical_entity,object,whole,living_thing,organism,animal,chordate,vertebrate,mammal,placental,carnivore,canine,dog,hunting_dog,sporting_dog,setter,irish_setter,
Sussex_spaniel,entity,physical_entity,object,whole,living_thing,organism,animal,chordate,vertebrate,mammal,placental,carnivore,canine,dog,hunting_dog,sporting_dog,spaniel,sussex_spaniel,
Pembroke,entity,physical_entity,object,whole,living_thing,organism,animal,chordate,vertebrate,mammal,placental,carnivore,canine,dog,corgi,pembroke,,,
Blenheim_spaniel,entity,physical_entity,object,whole,living_thing,organism,animal,chordate,vertebrate,mammal,placental,carnivore,canine,dog,toy_dog,toy_spaniel,english_toy_spaniel,blenheim_spaniel,
Rhodesian_ridgeback,entity,physical_entity,object,whole,living_thing,organism,animal,chordate,vertebrate,mammal,placental,carnivore,canine,dog,hunting_dog,rhodesian_ridgeback,,,
lynx,entity,physical_entity,object,whole,living_thing,organism,animal,chordate,vertebrate,mammal,placental,carnivore,feline,cat,wildcat,lynx,,,
African_hunting_dog,entity,physical_entity,object,whole,living_thing,organism,animal,chordate,vertebrate,mammal,placental,carnivore,canine,wild_dog,african_hunting_dog,,,,
Ibizan_hound,entity,physical_entity,object,whole,living_thing,organism,animal,chordate,vertebrate,mammal,placental,carnivore,canine,dog,hunting_dog,hound,ibizan_hound,,
timber_wolf,entity,physical_entity,object,whole,living_thing,organism,animal,chordate,vertebrate,mammal,placental,carnivore,canine,wolf,timber_wolf,,,,
cheetah,entity,physical_entity,object,whole,living_thing,organism,animal,chordate,vertebrate,mammal,placental,carnivore,feline,big_cat,cheetah,,,,
English_foxhound,entity,physical_entity,object,whole,living_thing,organism,animal,chordate,vertebrate,mammal,placental,carnivore,canine,dog,hunting_dog,hound,foxhound,english_foxhound,
briard,entity,physical_entity,object,whole,living_thing,organism,animal,chordate,vertebrate,mammal,placental,carnivore,canine,dog,working_dog,shepherd_dog,briard,,
sloth_bear,entity,physical_entity,object,whole,living_thing,organism,animal,chordate,vertebrate,mammal,placental,carnivore,bear,sloth_bear,,,,,
Border_terrier,entity,physical_entity,object,whole,living_thing,organism,animal,chordate,vertebrate,mammal,placental,carnivore,canine,dog,hunting_dog,terrier,border_terrier,,
German_shepherd,entity,physical_entity,object,whole,living_thing,organism,animal,chordate,vertebrate,mammal,placental,carnivore,canine,dog,working_dog,shepherd_dog,german_shepherd,,
otter,entity,physical_entity,object,whole,living_thing,organism,animal,chordate,vertebrate,mammal,placental,carnivore,musteline_mammal,otter,,,,,
three-toed_sloth,entity,physical_entity,object,whole,living_thing,organism,animal,chordate,vertebrate,mammal,placental,edentate,sloth,three-toed_sloth,,,,,
armadillo,entity,physical_entity,object,whole,living_thing,organism,animal,chordate,vertebrate,mammal,placental,edentate,armadillo,,,,,,
hare,entity,physical_entity,object,whole,living_thing,organism,animal,chordate,vertebrate,mammal,placental,lagomorph,leporid,hare,,,,,
Angora,entity,physical_entity,object,whole,living_thing,organism,animal,chordate,vertebrate,mammal,placental,lagomorph,leporid,rabbit,angora,,,,
wood_rabbit,entity,physical_entity,object,whole,living_thing,organism,animal,chordate,vertebrate,mammal,placental,lagomorph,leporid,rabbit,wood_rabbit,,,,
titi,entity,physical_entity,object,whole,living_thing,organism,animal,chordate,vertebrate,mammal,placental,primate,monkey,new_world_monkey,titi,,,,
colobus,entity,physical_entity,object,whole,living_thing,organism,animal,chordate,vertebrate,mammal,placental,primate,monkey,old_world_monkey,colobus,,,,
guenon,entity,physical_entity,object,whole,living_thing,organism,animal,chordate,vertebrate,mammal,placental,primate,monkey,old_world_monkey,guenon,,,,
indri,entity,physical_entity,object,whole,living_thing,organism,animal,chordate,vertebrate,mammal,placental,primate,lemur,indri,,,,,
orangutan,entity,physical_entity,object,whole,living_thing,organism,animal,chordate,vertebrate,mammal,placental,primate,ape,anthropoid_ape,great_ape,orangutan,,,
squirrel_monkey,entity,physical_entity,object,whole,living_thing,organism,animal,chordate,vertebrate,mammal,placental,primate,monkey,new_world_monkey,squirrel_monkey,,,,
chimpanzee,entity,physical_entity,object,whole,living_thing,organism,animal,chordate,vertebrate,mammal,placental,primate,ape,anthropoid_ape,great_ape,chimpanzee,,,
proboscis_monkey,entity,physical_entity,object,whole,living_thing,organism,animal,chordate,vertebrate,mammal,placental,primate,monkey,old_world_monkey,proboscis_monkey,,,,
gorilla,entity,physical_entity,object,whole,living_thing,organism,animal,chordate,vertebrate,mammal,placental,primate,ape,anthropoid_ape,great_ape,gorilla,,,
spider_monkey,entity,physical_entity,object,whole,living_thing,organism,animal,chordate,vertebrate,mammal,placental,primate,monkey,new_world_monkey,spider_monkey,,,,
siamang,entity,physical_entity,object,whole,living_thing,organism,animal,chordate,vertebrate,mammal,placental,primate,ape,anthropoid_ape,lesser_ape,siamang,,,
patas,entity,physical_entity,object,whole,living_thing,organism,animal,chordate,vertebrate,mammal,placental,primate,monkey,old_world_monkey,patas,,,,
baboon,entity,physical_entity,object,whole,living_thing,organism,animal,chordate,vertebrate,mammal,placental,primate,monkey,old_world_monkey,baboon,,,,
macaque,entity,physical_entity,object,whole,living_thing,organism,animal,chordate,vertebrate,mammal,placental,primate,monkey,old_world_monkey,macaque,,,,
capuchin,entity,physical_entity,object,whole,living_thing,organism,animal,chordate,vertebrate,mammal,placental,primate,monkey,new_world_monkey,capuchin,,,,
howler_monkey,entity,physical_entity,object,whole,living_thing,organism,animal,chordate,vertebrate,mammal,placental,primate,monkey,new_world_monkey,howler_monkey,,,,
marmoset,entity,physical_entity,object,whole,living_thing,organism,animal,chordate,vertebrate,mammal,placental,primate,monkey,new_world_monkey,marmoset,,,,
gibbon,entity,physical_entity,object,whole,living_thing,organism,animal,chordate,vertebrate,mammal,placental,primate,ape,anthropoid_ape,lesser_ape,gibbon,,,
Madagascar_cat,entity,physical_entity,object,whole,living_thing,organism,animal,chordate,vertebrate,mammal,placental,primate,lemur,madagascar_cat,,,,,
langur,entity,physical_entity,object,whole,living_thing,organism,animal,chordate,vertebrate,mammal,placental,primate,monkey,old_world_monkey,langur,,,,
African_elephant,entity,physical_entity,object,whole,living_thing,organism,animal,chordate,vertebrate,mammal,placental,proboscidean,elephant,african_elephant,,,,,
Indian_elephant,entity,physical_entity,object,whole,living_thing,organism,animal,chordate,vertebrate,mammal,placental,proboscidean,elephant,indian_elephant,,,,,
porcupine,entity,physical_entity,object,whole,living_thing,organism,animal,chordate,vertebrate,mammal,placental,rodent,porcupine,,,,,,
fox_squirrel,entity,physical_entity,object,whole,living_thing,organism,animal,chordate,vertebrate,mammal,placental,rodent,squirrel,tree_squirrel,fox_squirrel,,,,
guinea_pig,entity,physical_entity,object,whole,living_thing,organism,animal,chordate,vertebrate,mammal,placental,rodent,cavy,guinea_pig,,,,,
hamster,entity,physical_entity,object,whole,living_thing,organism,animal,chordate,vertebrate,mammal,placental,rodent,hamster,,,,,,
marmot,entity,physical_entity,object,whole,living_thing,organism,animal,chordate,vertebrate,mammal,placental,rodent,marmot,,,,,,
beaver,entity,physical_entity,object,whole,living_thing,organism,animal,chordate,vertebrate,mammal,placental,rodent,beaver,,,,,,
ibex,entity,physical_entity,object,whole,living_thing,organism,animal,chordate,vertebrate,mammal,placental,ungulate,even-toed_ungulate,ruminant,bovid,goat,wild_goat,ibex,
gazelle,entity,physical_entity,object,whole,living_thing,organism,animal,chordate,vertebrate,mammal,placental,ungulate,even-toed_ungulate,ruminant,bovid,antelope,gazelle,,
sorrel,entity,physical_entity,object,whole,living_thing,organism,animal,chordate,vertebrate,mammal,placental,ungulate,odd-toed_ungulate,equine,horse,sorrel,,,
bighorn,entity,physical_entity,object,whole,living_thing,organism,animal,chordate,vertebrate,mammal,placental,ungulate,even-toed_ungulate,ruminant,bovid,wild_sheep,mountain_sheep,bighorn,
impala,entity,physical_entity,object,whole,living_thing,organism,animal,chordate,vertebrate,mammal,placental,ungulate,even-toed_ungulate,ruminant,bovid,antelope,impala,,
hartebeest,entity,physical_entity,object,whole,living_thing,organism,animal,chordate,vertebrate,mammal,placental,ungulate,even-toed_ungulate,ruminant,bovid,antelope,hartebeest,,
wild_boar,entity,physical_entity,object,whole,living_thing,organism,animal,chordate,vertebrate,mammal,placental,ungulate,even-toed_ungulate,swine,wild_boar,,,,
zebra,entity,physical_entity,object,whole,living_thing,organism,animal,chordate,vertebrate,mammal,placental,ungulate,odd-toed_ungulate,equine,zebra,,,,
ram,entity,physical_entity,object,whole,living_thing,organism,animal,chordate,vertebrate,mammal,placental,ungulate,even-toed_ungulate,ruminant,bovid,sheep,ram,,
ox,entity,physical_entity,object,whole,living_thing,organism,animal,chordate,vertebrate,mammal,placental,ungulate,even-toed_ungulate,ruminant,bovid,bovine,cattle,ox,
warthog,entity,physical_entity,object,whole,living_thing,organism,animal,chordate,vertebrate,mammal,placental,ungulate,even-toed_ungulate,swine,warthog,,,,
Arabian_camel,entity,physical_entity,object,whole,living_thing,organism,animal,chordate,vertebrate,mammal,placental,ungulate,even-toed_ungulate,camel,arabian_camel,,,,
hog,entity,physical_entity,object,whole,living_thing,organism,animal,chordate,vertebrate,mammal,placental,ungulate,even-toed_ungulate,swine,hog,,,,
water_buffalo,entity,physical_entity,object,whole,living_thing,organism,animal,chordate,vertebrate,mammal,placental,ungulate,even-toed_ungulate,ruminant,bovid,old_world_buffalo,water_buffalo,,
bison,entity,physical_entity,object,whole,living_thing,organism,animal,chordate,vertebrate,mammal,placental,ungulate,even-toed_ungulate,ruminant,bovid,bison,,,
hippopotamus,entity,physical_entity,object,whole,living_thing,organism,animal,chordate,vertebrate,mammal,placental,ungulate,even-toed_ungulate,hippopotamus,,,,,
llama,entity,physical_entity,object,whole,living_thing,organism,animal,chordate,vertebrate,mammal,placental,ungulate,even-toed_ungulate,llama,,,,,
koala,entity,physical_entity,object,whole,living_thing,organism,animal,chordate,vertebrate,mammal,metatherian,marsupial,phalanger,koala,,,,,
wallaby,entity,physical_entity,object,whole,living_thing,organism,animal,chordate,vertebrate,mammal,metatherian,marsupial,kangaroo,wallaby,,,,,
wombat,entity,physical_entity,object,whole,living_thing,organism,animal,chordate,vertebrate,mammal,metatherian,marsupial,wombat,,,,,,
platypus,entity,physical_entity,object,whole,living_thing,organism,animal,chordate,vertebrate,mammal,prototherian,monotreme,platypus,,,,,,
echidna,entity,physical_entity,object,whole,living_thing,organism,animal,chordate,vertebrate,mammal,prototherian,monotreme,echidna,,,,,,
tusker,entity,physical_entity,object,whole,living_thing,organism,animal,chordate,vertebrate,mammal,tusker,,,,,,,,
cock,entity,physical_entity,object,whole,living_thing,organism,animal,chordate,vertebrate,bird,cock,,,,,,,,
hen,entity,physical_entity,object,whole,living_thing,organism,animal,chordate,vertebrate,bird,hen,,,,,,,,
ostrich,entity,physical_entity,object,whole,living_thing,organism,animal,chordate,vertebrate,bird,ratite,ostrich,,,,,,,
brambling,entity,physical_entity,object,whole,living_thing,organism,animal,chordate,vertebrate,bird,passerine,oscine,finch,brambling,,,,,
goldfinch,entity,physical_entity,object,whole,living_thing,organism,animal,chordate,vertebrate,bird,passerine,oscine,finch,goldfinch,,,,,
house_finch,entity,physical_entity,object,whole,living_thing,organism,animal,chordate,vertebrate,bird,passerine,oscine,finch,house_finch,,,,,
junco,entity,physical_entity,object,whole,living_thing,organism,animal,chordate,vertebrate,bird,passerine,oscine,finch,junco,,,,,
indigo_bunting,entity,physical_entity,object,whole,living_thing,organism,animal,chordate,vertebrate,bird,passerine,oscine,finch,bunting,indigo_bunting,,,,
robin,entity,physical_entity,object,whole,living_thing,organism,animal,chordate,vertebrate,bird,passerine,oscine,thrush,robin,,,,,
bulbul,entity,physical_entity,object,whole,living_thing,organism,animal,chordate,vertebrate,bird,passerine,oscine,thrush,nightingale,bulbul,,,,
jay,entity,physical_entity,object,whole,living_thing,organism,animal,chordate,vertebrate,bird,passerine,oscine,corvine_bird,jay,,,,,
magpie,entity,physical_entity,object,whole,living_thing,organism,animal,chordate,vertebrate,bird,passerine,oscine,corvine_bird,magpie,,,,,
chickadee,entity,physical_entity,object,whole,living_thing,organism,animal,chordate,vertebrate,bird,passerine,oscine,titmouse,chickadee,,,,,
water_ouzel,entity,physical_entity,object,whole,living_thing,organism,animal,chordate,vertebrate,bird,passerine,oscine,water_ouzel,,,,,,
kite,entity,physical_entity,object,whole,living_thing,organism,animal,chordate,vertebrate,bird,bird_of_prey,hawk,kite,,,,,,
bald_eagle,entity,physical_entity,object,whole,living_thing,organism,animal,chordate,vertebrate,bird,bird_of_prey,eagle,bald_eagle,,,,,,
vulture,entity,physical_entity,object,whole,living_thing,organism,animal,chordate,vertebrate,bird,bird_of_prey,vulture,,,,,,,
great_grey_owl,entity,physical_entity,object,whole,living_thing,organism,animal,chordate,vertebrate,bird,bird_of_prey,owl,great_grey_owl,,,,,,
black_grouse,entity,physical_entity,object,whole,living_thing,organism,animal,chordate,vertebrate,bird,gallinaceous_bird,game_bird,grouse,black_grouse,,,,,
ptarmigan,entity,physical_entity,object,whole,living_thing,organism,animal,chordate,vertebrate,bird,gallinaceous_bird,game_bird,grouse,ptarmigan,,,,,
ruffed_grouse,entity,physical_entity,object,whole,living_thing,organism,animal,chordate,vertebrate,bird,gallinaceous_bird,game_bird,grouse,ruffed_grouse,,,,,
prairie_chicken,entity,physical_entity,object,whole,living_thing,organism,animal,chordate,vertebrate,bird,gallinaceous_bird,game_bird,grouse,prairie_chicken,,,,,
peacock,entity,physical_entity,object,whole,living_thing,organism,animal,chordate,vertebrate,bird,gallinaceous_bird,game_bird,phasianid,pheasant,peafowl,peacock,,,
quail,entity,physical_entity,object,whole,living_thing,organism,animal,chordate,vertebrate,bird,gallinaceous_bird,game_bird,phasianid,quail,,,,,
partridge,entity,physical_entity,object,whole,living_thing,organism,animal,chordate,vertebrate,bird,gallinaceous_bird,game_bird,phasianid,partridge,,,,,
African_grey,entity,physical_entity,object,whole,living_thing,organism,animal,chordate,vertebrate,bird,parrot,african_grey,,,,,,,
macaw,entity,physical_entity,object,whole,living_thing,organism,animal,chordate,vertebrate,bird,parrot,macaw,,,,,,,
sulphur-crested_cockatoo,entity,physical_entity,object,whole,living_thing,organism,animal,chordate,vertebrate,bird,parrot,cockatoo,sulphur-crested_cockatoo,,,,,,
lorikeet,entity,physical_entity,object,whole,living_thing,organism,animal,chordate,vertebrate,bird,parrot,lory,lorikeet,,,,,,
coucal,entity,physical_entity,object,whole,living_thing,organism,animal,chordate,vertebrate,bird,cuculiform_bird,cuckoo,coucal,,,,,,
bee_eater,entity,physical_entity,object,whole,living_thing,organism,animal,chordate,vertebrate,bird,coraciiform_bird,bee_eater,,,,,,,
hornbill,entity,physical_entity,object,whole,living_thing,organism,animal,chordate,vertebrate,bird,coraciiform_bird,hornbill,,,,,,,
hummingbird,entity,physical_entity,object,whole,living_thing,organism,animal,chordate,vertebrate,bird,apodiform_bird,hummingbird,,,,,,,
jacamar,entity,physical_entity,object,whole,living_thing,organism,animal,chordate,vertebrate,bird,piciform_bird,jacamar,,,,,,,
toucan,entity,physical_entity,object,whole,living_thing,organism,animal,chordate,vertebrate,bird,piciform_bird,toucan,,,,,,,
drake,entity,physical_entity,object,whole,living_thing,organism,animal,chordate,vertebrate,bird,aquatic_bird,waterfowl,anseriform_bird,duck,drake,,,,
red-breasted_merganser,entity,physical_entity,object,whole,living_thing,organism,animal,chordate,vertebrate,bird,aquatic_bird,waterfowl,anseriform_bird,duck,sea_duck,merganser,red-breasted_merganser,,
goose,entity,physical_entity,object,whole,living_thing,organism,animal,chordate,vertebrate,bird,aquatic_bird,waterfowl,anseriform_bird,goose,,,,,
black_swan,entity,physical_entity,object,whole,living_thing,organism,animal,chordate,vertebrate,bird,aquatic_bird,swan,black_swan,,,,,,
white_stork,entity,physical_entity,object,whole,living_thing,organism,animal,chordate,vertebrate,bird,aquatic_bird,wading_bird,stork,white_stork,,,,,
black_stork,entity,physical_entity,object,whole,living_thing,organism,animal,chordate,vertebrate,bird,aquatic_bird,wading_bird,stork,black_stork,,,,,
spoonbill,entity,physical_entity,object,whole,living_thing,organism,animal,chordate,vertebrate,bird,aquatic_bird,wading_bird,spoonbill,,,,,,
flamingo,entity,physical_entity,object,whole,living_thing,organism,animal,chordate,vertebrate,bird,aquatic_bird,wading_bird,flamingo,,,,,,
American_egret,entity,physical_entity,object,whole,living_thing,organism,animal,chordate,vertebrate,bird,aquatic_bird,wading_bird,heron,egret,american_egret,,,,
little_blue_heron,entity,physical_entity,object,whole,living_thing,organism,animal,chordate,vertebrate,bird,aquatic_bird,wading_bird,heron,little_blue_heron,,,,,
bittern,entity,physical_entity,object,whole,living_thing,organism,animal,chordate,vertebrate,bird,aquatic_bird,wading_bird,heron,bittern,,,,,
crane,entity,physical_entity,object,whole,living_thing,organism,animal,chordate,vertebrate,bird,aquatic_bird,wading_bird,crane,,,,,,
limpkin,entity,physical_entity,object,whole,living_thing,organism,animal,chordate,vertebrate,bird,aquatic_bird,wading_bird,limpkin,,,,,,
American_coot,entity,physical_entity,object,whole,living_thing,organism,animal,chordate,vertebrate,bird,aquatic_bird,wading_bird,rail,coot,american_coot,,,,
bustard,entity,physical_entity,object,whole,living_thing,organism,animal,chordate,vertebrate,bird,aquatic_bird,wading_bird,bustard,,,,,,
ruddy_turnstone,entity,physical_entity,object,whole,living_thing,organism,animal,chordate,vertebrate,bird,aquatic_bird,wading_bird,shorebird,plover,turnstone,ruddy_turnstone,,,
red-backed_sandpiper,entity,physical_entity,object,whole,living_thing,organism,animal,chordate,vertebrate,bird,aquatic_bird,wading_bird,shorebird,sandpiper,red-backed_sandpiper,,,,
redshank,entity,physical_entity,object,whole,living_thing,organism,animal,chordate,vertebrate,bird,aquatic_bird,wading_bird,shorebird,sandpiper,redshank,,,,
dowitcher,entity,physical_entity,object,whole,living_thing,organism,animal,chordate,vertebrate,bird,aquatic_bird,wading_bird,shorebird,snipe,dowitcher,,,,
oystercatcher,entity,physical_entity,object,whole,living_thing,organism,animal,chordate,vertebrate,bird,aquatic_bird,wading_bird,shorebird,oystercatcher,,,,,
European_gallinule,entity,physical_entity,object,whole,living_thing,organism,animal,chordate,vertebrate,bird,aquatic_bird,gallinule,purple_gallinule,european_gallinule,,,,,
pelican,entity,physical_entity,object,whole,living_thing,organism,animal,chordate,vertebrate,bird,aquatic_bird,seabird,pelecaniform_seabird,pelican,,,,,
king_penguin,entity,physical_entity,object,whole,living_thing,organism,animal,chordate,vertebrate,bird,aquatic_bird,seabird,sphenisciform_seabird,penguin,king_penguin,,,,
albatross,entity,physical_entity,object,whole,living_thing,organism,animal,chordate,vertebrate,bird,aquatic_bird,seabird,pelagic_bird,albatross,,,,,
great_white_shark,entity,physical_entity,object,whole,living_thing,organism,animal,chordate,vertebrate,aquatic_vertebrate,fish,cartilaginous_fish,elasmobranch,shark,mackerel_shark,great_white_shark,,,
tiger_shark,entity,physical_entity,object,whole,living_thing,organism,animal,chordate,vertebrate,aquatic_vertebrate,fish,cartilaginous_fish,elasmobranch,shark,requiem_shark,tiger_shark,,,
hammerhead,entity,physical_entity,object,whole,living_thing,organism,animal,chordate,vertebrate,aquatic_vertebrate,fish,cartilaginous_fish,elasmobranch,shark,hammerhead,,,,
electric_ray,entity,physical_entity,object,whole,living_thing,organism,animal,chordate,vertebrate,aquatic_vertebrate,fish,cartilaginous_fish,elasmobranch,ray,electric_ray,,,,
stingray,entity,physical_entity,object,whole,living_thing,organism,animal,chordate,vertebrate,aquatic_vertebrate,fish,cartilaginous_fish,elasmobranch,ray,stingray,,,,
barracouta,entity,physical_entity,object,whole,living_thing,organism,animal,chordate,vertebrate,aquatic_vertebrate,fish,food_fish,barracouta,,,,,,
coho,entity,physical_entity,object,whole,living_thing,organism,animal,chordate,vertebrate,aquatic_vertebrate,fish,bony_fish,teleost_fish,soft-finned_fish,salmonid,salmon,coho,,
tench,entity,physical_entity,object,whole,living_thing,organism,animal,chordate,vertebrate,aquatic_vertebrate,fish,bony_fish,teleost_fish,soft-finned_fish,cypriniform_fish,cyprinid,tench,,
goldfish,entity,physical_entity,object,whole,living_thing,organism,animal,chordate,vertebrate,aquatic_vertebrate,fish,bony_fish,teleost_fish,soft-finned_fish,cypriniform_fish,cyprinid,goldfish,,
eel,entity,physical_entity,object,whole,living_thing,organism,animal,chordate,vertebrate,aquatic_vertebrate,fish,bony_fish,teleost_fish,soft-finned_fish,eel,,,,
rock_beauty,entity,physical_entity,object,whole,living_thing,organism,animal,chordate,vertebrate,aquatic_vertebrate,fish,bony_fish,teleost_fish,spiny-finned_fish,percoid_fish,butterfly_fish,rock_beauty,,
anemone_fish,entity,physical_entity,object,whole,living_thing,organism,animal,chordate,vertebrate,aquatic_vertebrate,fish,bony_fish,teleost_fish,spiny-finned_fish,percoid_fish,damselfish,anemone_fish,,
lionfish,entity,physical_entity,object,whole,living_thing,organism,animal,chordate,vertebrate,aquatic_vertebrate,fish,bony_fish,teleost_fish,spiny-finned_fish,scorpaenoid,scorpaenid,lionfish,,
puffer,entity,physical_entity,object,whole,living_thing,organism,animal,chordate,vertebrate,aquatic_vertebrate,fish,bony_fish,teleost_fish,spiny-finned_fish,plectognath,puffer,,,
sturgeon,entity,physical_entity,object,whole,living_thing,organism,animal,chordate,vertebrate,aquatic_vertebrate,fish,bony_fish,teleost_fish,ganoid,sturgeon,,,,
gar,entity,physical_entity,object,whole,living_thing,organism,animal,chordate,vertebrate,aquatic_vertebrate,fish,bony_fish,teleost_fish,ganoid,gar,,,,
loggerhead,entity,physical_entity,object,whole,living_thing,organism,animal,chordate,vertebrate,reptile,anapsid,chelonian,turtle,sea_turtle,loggerhead,,,,
leatherback_turtle,entity,physical_entity,object,whole,living_thing,organism,animal,chordate,vertebrate,reptile,anapsid,chelonian,turtle,sea_turtle,leatherback_turtle,,,,
mud_turtle,entity,physical_entity,object,whole,living_thing,organism,animal,chordate,vertebrate,reptile,anapsid,chelonian,turtle,mud_turtle,,,,,
terrapin,entity,physical_entity,object,whole,living_thing,organism,animal,chordate,vertebrate,reptile,anapsid,chelonian,turtle,terrapin,,,,,
box_turtle,entity,physical_entity,object,whole,living_thing,organism,animal,chordate,vertebrate,reptile,anapsid,chelonian,turtle,box_turtle,,,,,
banded_gecko,entity,physical_entity,object,whole,living_thing,organism,animal,chordate,vertebrate,reptile,diapsid,saurian,lizard,gecko,banded_gecko,,,,
common_iguana,entity,physical_entity,object,whole,living_thing,organism,animal,chordate,vertebrate,reptile,diapsid,saurian,lizard,iguanid,common_iguana,,,,
American_chameleon,entity,physical_entity,object,whole,living_thing,organism,animal,chordate,vertebrate,reptile,diapsid,saurian,lizard,iguanid,american_chameleon,,,,
whiptail,entity,physical_entity,object,whole,living_thing,organism,animal,chordate,vertebrate,reptile,diapsid,saurian,lizard,teiid_lizard,whiptail,,,,
agama,entity,physical_entity,object,whole,living_thing,organism,animal,chordate,vertebrate,reptile,diapsid,saurian,lizard,agamid,agama,,,,
frilled_lizard,entity,physical_entity,object,whole,living_thing,organism,animal,chordate,vertebrate,reptile,diapsid,saurian,lizard,agamid,frilled_lizard,,,,
alligator_lizard,entity,physical_entity,object,whole,living_thing,organism,animal,chordate,vertebrate,reptile,diapsid,saurian,lizard,anguid_lizard,alligator_lizard,,,,
Gila_monster,entity,physical_entity,object,whole,living_thing,organism,animal,chordate,vertebrate,reptile,diapsid,saurian,lizard,venomous_lizard,gila_monster,,,,
green_lizard,entity,physical_entity,object,whole,living_thing,organism,animal,chordate,vertebrate,reptile,diapsid,saurian,lizard,lacertid_lizard,green_lizard,,,,
African_chameleon,entity,physical_entity,object,whole,living_thing,organism,animal,chordate,vertebrate,reptile,diapsid,saurian,lizard,chameleon,african_chameleon,,,,
Komodo_dragon,entity,physical_entity,object,whole,living_thing,organism,animal,chordate,vertebrate,reptile,diapsid,saurian,lizard,monitor,komodo_dragon,,,,
triceratops,entity,physical_entity,object,whole,living_thing,organism,animal,chordate,vertebrate,reptile,diapsid,archosaur,dinosaur,ornithischian,ceratopsian,triceratops,,,
African_crocodile,entity,physical_entity,object,whole,living_thing,organism,animal,chordate,vertebrate,reptile,diapsid,crocodilian_reptile,crocodile,african_crocodile,,,,,
American_alligator,entity,physical_entity,object,whole,living_thing,organism,animal,chordate,vertebrate,reptile,diapsid,crocodilian_reptile,alligator,american_alligator,,,,,
thunder_snake,entity,physical_entity,object,whole,living_thing,organism,animal,chordate,vertebrate,reptile,diapsid,snake,colubrid_snake,thunder_snake,,,,,
ringneck_snake,entity,physical_entity,object,whole,living_thing,organism,animal,chordate,vertebrate,reptile,diapsid,snake,colubrid_snake,ringneck_snake,,,,,
hognose_snake,entity,physical_entity,object,whole,living_thing,organism,animal,chordate,vertebrate,reptile,diapsid,snake,colubrid_snake,hognose_snake,,,,,
green_snake,entity,physical_entity,object,whole,living_thing,organism,animal,chordate,vertebrate,reptile,diapsid,snake,colubrid_snake,green_snake,,,,,
king_snake,entity,physical_entity,object,whole,living_thing,organism,animal,chordate,vertebrate,reptile,diapsid,snake,colubrid_snake,king_snake,,,,,
garter_snake,entity,physical_entity,object,whole,living_thing,organism,animal,chordate,vertebrate,reptile,diapsid,snake,colubrid_snake,garter_snake,,,,,
water_snake,entity,physical_entity,object,whole,living_thing,organism,animal,chordate,vertebrate,reptile,diapsid,snake,colubrid_snake,water_snake,,,,,
vine_snake,entity,physical_entity,object,whole,living_thing,organism,animal,chordate,vertebrate,reptile,diapsid,snake,colubrid_snake,vine_snake,,,,,
night_snake,entity,physical_entity,object,whole,living_thing,organism,animal,chordate,vertebrate,reptile,diapsid,snake,colubrid_snake,night_snake,,,,,
boa_constrictor,entity,physical_entity,object,whole,living_thing,organism,animal,chordate,vertebrate,reptile,diapsid,snake,constrictor,boa,boa_constrictor,,,,
rock_python,entity,physical_entity,object,whole,living_thing,organism,animal,chordate,vertebrate,reptile,diapsid,snake,constrictor,boa,python,rock_python,,,
Indian_cobra,entity,physical_entity,object,whole,living_thing,organism,animal,chordate,vertebrate,reptile,diapsid,snake,elapid,cobra,indian_cobra,,,,
green_mamba,entity,physical_entity,object,whole,living_thing,organism,animal,chordate,vertebrate,reptile,diapsid,snake,elapid,mamba,black_mamba,green_mamba,,,
sea_snake,entity,physical_entity,object,whole,living_thing,organism,animal,chordate,vertebrate,reptile,diapsid,snake,sea_snake,,,,,,
horned_viper,entity,physical_entity,object,whole,living_thing,organism,animal,chordate,vertebrate,reptile,diapsid,snake,viper,horned_viper,,,,,
diamondback,entity,physical_entity,object,whole,living_thing,organism,animal,chordate,vertebrate,reptile,diapsid,snake,viper,pit_viper,rattlesnake,diamondback,,,
sidewinder,entity,physical_entity,object,whole,living_thing,organism,animal,chordate,vertebrate,reptile,diapsid,snake,viper,pit_viper,rattlesnake,sidewinder,,,
European_fire_salamander,entity,physical_entity,object,whole,living_thing,organism,animal,chordate,vertebrate,amphibian,salamander,european_fire_salamander,,,,,,,
common_newt,entity,physical_entity,object,whole,living_thing,organism,animal,chordate,vertebrate,amphibian,salamander,newt,common_newt,,,,,,
eft,entity,physical_entity,object,whole,living_thing,organism,animal,chordate,vertebrate,amphibian,salamander,newt,eft,,,,,,
spotted_salamander,entity,physical_entity,object,whole,living_thing,organism,animal,chordate,vertebrate,amphibian,salamander,ambystomid,spotted_salamander,,,,,,
axolotl,entity,physical_entity,object,whole,living_thing,organism,animal,chordate,vertebrate,amphibian,salamander,ambystomid,axolotl,,,,,,
bullfrog,entity,physical_entity,object,whole,living_thing,organism,animal,chordate,vertebrate,amphibian,frog,true_frog,bullfrog,,,,,,
tree_frog,entity,physical_entity,object,whole,living_thing,organism,animal,chordate,vertebrate,amphibian,frog,tree_frog,,,,,,,
tailed_frog,entity,physical_entity,object,whole,living_thing,organism,animal,chordate,vertebrate,amphibian,frog,tailed_frog,,,,,,,
trilobite,entity,physical_entity,object,whole,living_thing,organism,animal,----------,invertebrate,arthropod,trilobite,,,,,,,,
harvestman,entity,physical_entity,object,whole,living_thing,organism,animal,----------,invertebrate,arthropod,arachnid,harvestman,,,,,,,
scorpion,entity,physical_entity,object,whole,living_thing,organism,animal,----------,invertebrate,arthropod,arachnid,scorpion,,,,,,,
black_and_gold_garden_spider,entity,physical_entity,object,whole,living_thing,organism,animal,----------,invertebrate,arthropod,arachnid,spider,black_and_gold_garden_spider,,,,,,
barn_spider,entity,physical_entity,object,whole,living_thing,organism,animal,----------,invertebrate,arthropod,arachnid,spider,barn_spider,,,,,,
garden_spider,entity,physical_entity,object,whole,living_thing,organism,animal,----------,invertebrate,arthropod,arachnid,spider,garden_spider,,,,,,
black_widow,entity,physical_entity,object,whole,living_thing,organism,animal,----------,invertebrate,arthropod,arachnid,spider,black_widow,,,,,,
tarantula,entity,physical_entity,object,whole,living_thing,organism,animal,----------,invertebrate,arthropod,arachnid,spider,tarantula,,,,,,
wolf_spider,entity,physical_entity,object,whole,living_thing,organism,animal,----------,invertebrate,arthropod,arachnid,spider,wolf_spider,,,,,,
tick,entity,physical_entity,object,whole,living_thing,organism,animal,----------,invertebrate,arthropod,arachnid,acarine,tick,,,,,,
centipede,entity,physical_entity,object,whole,living_thing,organism,animal,----------,invertebrate,arthropod,centipede,,,,,,,,
isopod,entity,physical_entity,object,whole,living_thing,organism,animal,----------,invertebrate,arthropod,crustacean,malacostracan_crustacean,isopod,,,,,,
Dungeness_crab,entity,physical_entity,object,whole,living_thing,organism,animal,----------,invertebrate,arthropod,crustacean,decapod_crustacean,crab,dungeness_crab,,,,,
rock_crab,entity,physical_entity,object,whole,living_thing,organism,animal,----------,invertebrate,arthropod,crustacean,decapod_crustacean,crab,rock_crab,,,,,
fiddler_crab,entity,physical_entity,object,whole,living_thing,organism,animal,----------,invertebrate,arthropod,crustacean,decapod_crustacean,crab,fiddler_crab,,,,,
king_crab,entity,physical_entity,object,whole,living_thing,organism,animal,----------,invertebrate,arthropod,crustacean,decapod_crustacean,crab,king_crab,,,,,
American_lobster,entity,physical_entity,object,whole,living_thing,organism,animal,----------,invertebrate,arthropod,crustacean,decapod_crustacean,lobster,true_lobster,american_lobster,,,,
spiny_lobster,entity,physical_entity,object,whole,living_thing,organism,animal,----------,invertebrate,arthropod,crustacean,decapod_crustacean,lobster,spiny_lobster,,,,,
crayfish,entity,physical_entity,object,whole,living_thing,organism,animal,----------,invertebrate,arthropod,crustacean,decapod_crustacean,crayfish,,,,,,
hermit_crab,entity,physical_entity,object,whole,living_thing,organism,animal,----------,invertebrate,arthropod,crustacean,decapod_crustacean,hermit_crab,,,,,,
tiger_beetle,entity,physical_entity,object,whole,living_thing,organism,animal,----------,invertebrate,arthropod,insect,beetle,tiger_beetle,,,,,,
ladybug,entity,physical_entity,object,whole,living_thing,organism,animal,----------,invertebrate,arthropod,insect,beetle,ladybug,,,,,,
ground_beetle,entity,physical_entity,object,whole,living_thing,organism,animal,----------,invertebrate,arthropod,insect,beetle,ground_beetle,,,,,,
long-horned_beetle,entity,physical_entity,object,whole,living_thing,organism,animal,----------,invertebrate,arthropod,insect,beetle,long-horned_beetle,,,,,,
leaf_beetle,entity,physical_entity,object,whole,living_thing,organism,animal,----------,invertebrate,arthropod,insect,beetle,leaf_beetle,,,,,,
dung_beetle,entity,physical_entity,object,whole,living_thing,organism,animal,----------,invertebrate,arthropod,insect,beetle,lamellicorn_beetle,scarabaeid_beetle,dung_beetle,,,,
rhinoceros_beetle,entity,physical_entity,object,whole,living_thing,organism,animal,----------,invertebrate,arthropod,insect,beetle,lamellicorn_beetle,scarabaeid_beetle,rhinoceros_beetle,,,,
weevil,entity,physical_entity,object,whole,living_thing,organism,animal,----------,invertebrate,arthropod,insect,beetle,weevil,,,,,,
fly,entity,physical_entity,object,whole,living_thing,organism,animal,----------,invertebrate,arthropod,insect,dipterous_insect,fly,,,,,,
bee,entity,physical_entity,object,whole,living_thing,organism,animal,----------,invertebrate,arthropod,insect,hymenopterous_insect,bee,,,,,,
grasshopper,entity,physical_entity,object,whole,living_thing,organism,animal,----------,invertebrate,arthropod,insect,orthopterous_insect,grasshopper,,,,,,
cricket,entity,physical_entity,object,whole,living_thing,organism,animal,----------,invertebrate,arthropod,insect,orthopterous_insect,cricket,,,,,,
walking_stick,entity,physical_entity,object,whole,living_thing,organism,animal,----------,invertebrate,arthropod,insect,phasmid,walking_stick,,,,,,
cockroach,entity,physical_entity,object,whole,living_thing,organism,animal,----------,invertebrate,arthropod,insect,dictyopterous_insect,cockroach,,,,,,
mantis,entity,physical_entity,object,whole,living_thing,organism,animal,----------,invertebrate,arthropod,insect,dictyopterous_insect,mantis,,,,,,
cicada,entity,physical_entity,object,whole,living_thing,organism,animal,----------,invertebrate,arthropod,insect,homopterous_insect,cicada,,,,,,
leafhopper,entity,physical_entity,object,whole,living_thing,organism,animal,----------,invertebrate,arthropod,insect,homopterous_insect,leafhopper,,,,,,
lacewing,entity,physical_entity,object,whole,living_thing,organism,animal,----------,invertebrate,arthropod,insect,neuropteron,lacewing,,,,,,
dragonfly,entity,physical_entity,object,whole,living_thing,organism,animal,----------,invertebrate,arthropod,insect,odonate,dragonfly,,,,,,
damselfly,entity,physical_entity,object,whole,living_thing,organism,animal,----------,invertebrate,arthropod,insect,odonate,damselfly,,,,,,
admiral,entity,physical_entity,object,whole,living_thing,organism,animal,----------,invertebrate,arthropod,insect,lepidopterous_insect,butterfly,nymphalid,admiral,,,,
ringlet,entity,physical_entity,object,whole,living_thing,organism,animal,----------,invertebrate,arthropod,insect,lepidopterous_insect,butterfly,ringlet,,,,,
monarch,entity,physical_entity,object,whole,living_thing,organism,animal,----------,invertebrate,arthropod,insect,lepidopterous_insect,butterfly,danaid,monarch,,,,
cabbage_butterfly,entity,physical_entity,object,whole,living_thing,organism,animal,----------,invertebrate,arthropod,insect,lepidopterous_insect,butterfly,pierid,cabbage_butterfly,,,,
sulphur_butterfly,entity,physical_entity,object,whole,living_thing,organism,animal,----------,invertebrate,arthropod,insect,lepidopterous_insect,butterfly,sulphur_butterfly,,,,,
lycaenid,entity,physical_entity,object,whole,living_thing,organism,animal,----------,invertebrate,arthropod,insect,lepidopterous_insect,butterfly,lycaenid,,,,,
ant,entity,physical_entity,object,whole,living_thing,organism,animal,----------,invertebrate,arthropod,insect,hymenopterous_insect,ant,,,,,,
jellyfish,entity,physical_entity,object,whole,living_thing,organism,animal,----------,invertebrate,coelenterate,jellyfish,,,,,,,,
sea_anemone,entity,physical_entity,object,whole,living_thing,organism,animal,----------,invertebrate,coelenterate,anthozoan,sea_anemone,,,,,,,
brain_coral,entity,physical_entity,object,whole,living_thing,organism,animal,----------,invertebrate,coelenterate,anthozoan,coral,stony_coral,brain_coral,,,,,
flatworm,entity,physical_entity,object,whole,living_thing,organism,animal,----------,invertebrate,worm,flatworm,,,,,,,,
nematode,entity,physical_entity,object,whole,living_thing,organism,animal,----------,invertebrate,worm,nematode,,,,,,,,
conch,entity,physical_entity,object,whole,living_thing,organism,animal,----------,invertebrate,mollusk,gastropod,conch,,,,,,,
snail,entity,physical_entity,object,whole,living_thing,organism,animal,----------,invertebrate,mollusk,gastropod,snail,,,,,,,
slug,entity,physical_entity,object,whole,living_thing,organism,animal,----------,invertebrate,mollusk,gastropod,slug,,,,,,,
sea_slug,entity,physical_entity,object,whole,living_thing,organism,animal,----------,invertebrate,mollusk,gastropod,sea_slug,,,,,,,
chiton,entity,physical_entity,object,whole,living_thing,organism,animal,----------,invertebrate,mollusk,chiton,,,,,,,,
chambered_nautilus,entity,physical_entity,object,whole,living_thing,organism,animal,----------,invertebrate,mollusk,cephalopod,chambered_nautilus,,,,,,,
sea_urchin,entity,physical_entity,object,whole,living_thing,organism,animal,----------,invertebrate,echinoderm,sea_urchin,,,,,,,,
sea_cucumber,entity,physical_entity,object,whole,living_thing,organism,animal,----------,invertebrate,echinoderm,sea_cucumber,,,,,,,,
starfish,entity,physical_entity,object,whole,living_thing,organism,animal,----------,invertebrate,echinoderm,starfish,,,,,,,,
,,,,,,,,,,,,,,,,,,,
,,,,,,,,,,,,,,,,,,,
,,,,,,,,,,,,,,,,,,,
,,,,,,,,,,,,,,,,,,,
INVERTEBRATE,,,,,,,,,1,2,3,,,,,,,,
,,,,,,,,,,,,,,,,,,,
trilobite,,,,,,,,,trilobite,trilobite,,,,,,,,,
harvestman,,,,,,,,,arachnid,harvestman,,,,,,,,,
scorpion,,,,,,,,,arachnid,scorpion,,,,,,,,,
black_and_gold_garden_spider,,,,,,,,,arachnid,spider,,,,,,,,,
barn_spider,,,,,,,,,arachnid,spider,,,,,,,,,
garden_spider,,,,,,,,,arachnid,spider,,,,,,,,,
black_widow,,,,,,,,,arachnid,spider,,,,,,,,,
tarantula,,,,,,,,,arachnid,spider,,,,,,,,,
wolf_spider,,,,,,,,,arachnid,spider,,,,,,,,,
tick,,,,,,,,,arachnid,acarine,,,,,,,,,
centipede,,,,,,,,,centipede,centipede,,,,,,,,,
isopod,,,,,,,,,crustacean,malacostracan_crustacean,,,,,,,,,
Dungeness_crab,,,,,,,,,crustacean,decapod_crustacean,,,,,,,,,
rock_crab,,,,,,,,,crustacean,decapod_crustacean,,,,,,,,,
fiddler_crab,,,,,,,,,crustacean,decapod_crustacean,,,,,,,,,
king_crab,,,,,,,,,crustacean,decapod_crustacean,,,,,,,,,
American_lobster,,,,,,,,,crustacean,decapod_crustacean,,,,,,,,,
spiny_lobster,,,,,,,,,crustacean,decapod_crustacean,,,,,,,,,
crayfish,,,,,,,,,crustacean,decapod_crustacean,,,,,,,,,
hermit_crab,,,,,,,,,crustacean,decapod_crustacean,,,,,,,,,
tiger_beetle,,,,,,,,,insect,beetle,,,,,,,,,
ladybug,,,,,,,,,insect,beetle,,,,,,,,,
ground_beetle,,,,,,,,,insect,beetle,,,,,,,,,
long-horned_beetle,,,,,,,,,insect,beetle,,,,,,,,,
leaf_beetle,,,,,,,,,insect,beetle,,,,,,,,,
dung_beetle,,,,,,,,,insect,beetle,,,,,,,,,
rhinoceros_beetle,,,,,,,,,insect,beetle,,,,,,,,,
weevil,,,,,,,,,insect,beetle,,,,,,,,,
fly,,,,,,,,,insect,dipterous_insect,,,,,,,,,
bee,,,,,,,,,insect,hymenopterous_insect,,,,,,,,,
grasshopper,,,,,,,,,insect,orthopterous_insect,,,,,,,,,
cricket,,,,,,,,,insect,orthopterous_insect,,,,,,,,,
walking_stick,,,,,,,,,insect,phasmid,,,,,,,,,
cockroach,,,,,,,,,insect,dictyopterous_insect,,,,,,,,,
mantis,,,,,,,,,insect,dictyopterous_insect,,,,,,,,,
cicada,,,,,,,,,insect,homopterous_insect,,,,,,,,,
leafhopper,,,,,,,,,insect,homopterous_insect,,,,,,,,,
lacewing,,,,,,,,,insect,neuropteron,,,,,,,,,
dragonfly,,,,,,,,,insect,odonate,,,,,,,,,
damselfly,,,,,,,,,insect,odonate,,,,,,,,,
admiral,,,,,,,,,insect,lepidopterous_insect,,,,,,,,,
ringlet,,,,,,,,,insect,lepidopterous_insect,,,,,,,,,
monarch,,,,,,,,,insect,lepidopterous_insect,,,,,,,,,
cabbage_butterfly,,,,,,,,,insect,lepidopterous_insect,,,,,,,,,
sulphur_butterfly,,,,,,,,,insect,lepidopterous_insect,,,,,,,,,
lycaenid,,,,,,,,,insect,lepidopterous_insect,,,,,,,,,
ant,,,,,,,,,insect,hymenopterous_insect,,,,,,,,,
jellyfish,,,,,,,,,coelenterate,jellyfish,,,,,,,,,
sea_anemone,,,,,,,,,coelenterate,anthozoan,,,,,,,,,
brain_coral,,,,,,,,,coelenterate,anthozoan,,,,,,,,,
flatworm,,,,,,,,,worm,flatworm,,,,,,,,,
nematode,,,,,,,,,worm,nematode,,,,,,,,,
conch,,,,,,,,,mollusk,gastropod,,,,,,,,,
snail,,,,,,,,,mollusk,gastropod,,,,,,,,,
slug,,,,,,,,,mollusk,gastropod,,,,,,,,,
sea_slug,,,,,,,,,mollusk,gastropod,,,,,,,,,
chiton,,,,,,,,,mollusk,chiton,,,,,,,,,
chambered_nautilus,,,,,,,,,mollusk,cephalopod,,,,,,,,,
sea_urchin,,,,,,,,,echinoderm,sea_urchin,,,,,,,,,
sea_cucumber,,,,,,,,,echinoderm,sea_cucumber,,,,,,,,,
starfish,,,,,,,,,echinoderm,starfish,,,,,,,,,
,,,,,,,,,,,,,,,,,,,
,,,,,,,,,,,,,,,,,,,
,,,,,,,,,,,,,,,,,,,
VERTABRATE,,,,,,,,,,,,,,,,,,,
,,,,,,,,,,,,,,,,,,,
grey_whale,,,,,,,,,aquatic_mammal,whale,,,,,,,,,
sea_lion,,,,,,,,,aquatic_mammal,seal,,,,,,,,,
killer_whale,,,,,,,,,aquatic_mammal,whale,,,,,,,,,
dugong,,,,,,,,,aquatic_mammal,dugong,,,,,,,,,
kit_fox,,,,,,,,,canine,fox,,,,,,,,,
English_setter,,,,,,,,,canine,dog,,,,,,,,,
Siberian_husky,,,,,,,,,canine,dog,,,,,,,,,
Australian_terrier,,,,,,,,,canine,dog,,,,,,,,,
English_springer,,,,,,,,,canine,dog,,,,,,,,,
lesser_panda,,,,,,,,,procyonid,lesser_panda,,,,,,,,,
Egyptian_cat,,,,,,,,,feline,cat,,,,,,,,,
Persian_cat,,,,,,,,,feline,cat,,,,,,,,,
cougar,,,,,,,,,feline,cat,,,,,,,,,
malamute,,,,,,,,,canine,dog,,,,,,,,,
badger,,,,,,,,,musteline_mammal,badger,,,,,,,,,
Great_Dane,,,,,,,,,canine,dog,,,,,,,,,
Walker_hound,,,,,,,,,canine,dog,,,,,,,,,
Welsh_springer_spaniel,,,,,,,,,canine,dog,,,,,,,,,
whippet,,,,,,,,,canine,dog,,,,,,,,,
Scottish_deerhound,,,,,,,,,canine,dog,,,,,,,,,
mink,,,,,,,,,musteline_mammal,mink,,,,,,,,,
Weimaraner,,,,,,,,,canine,dog,,,,,,,,,
soft-coated_wheaten_terrier,,,,,,,,,canine,dog,,,,,,,,,
Dandie_Dinmont,,,,,,,,,canine,dog,,,,,,,,,
red_wolf,,,,,,,,,canine,wolf,,,,,,,,,
Old_English_sheepdog,,,,,,,,,canine,dog,,,,,,,,,
jaguar,,,,,,,,,feline,big_cat,,,,,,,,,
otterhound,,,,,,,,,canine,dog,,,,,,,,,
bloodhound,,,,,,,,,canine,dog,,,,,,,,,
Airedale,,,,,,,,,canine,dog,,,,,,,,,
hyena,,,,,,,,,canine,hyena,,,,,,,,,
meerkat,,,,,,,,,viverrine,meerkat,,,,,,,,,
giant_schnauzer,,,,,,,,,canine,dog,,,,,,,,,
black-footed_ferret,,,,,,,,,musteline_mammal,black-footed_ferret,,,,,,,,,
dalmatian,,,,,,,,,canine,dog,,,,,,,,,
black-and-tan_coonhound,,,,,,,,,canine,dog,,,,,,,,,
papillon,,,,,,,,,canine,dog,,,,,,,,,
skunk,,,,,,,,,musteline_mammal,skunk,,,,,,,,,
Staffordshire_bullterrier,,,,,,,,,canine,dog,,,,,,,,,
Mexican_hairless,,,,,,,,,canine,dog,,,,,,,,,
Bouvier_des_Flandres,,,,,,,,,canine,dog,,,,,,,,,
weasel,,,,,,,,,musteline_mammal,weasel,,,,,,,,,
miniature_poodle,,,,,,,,,canine,dog,,,,,,,,,
Cardigan,,,,,,,,,canine,dog,,,,,,,,,
malinois,,,,,,,,,canine,dog,,,,,,,,,
tiger_cat,,,,,,,,,feline,cat,,,,,,,,,
Lhasa,,,,,,,,,canine,dog,,,,,,,,,
coyote,,,,,,,,,canine,wolf,,,,,,,,,
Yorkshire_terrier,,,,,,,,,canine,dog,,,,,,,,,
Newfoundland,,,,,,,,,canine,dog,,,,,,,,,
brown_bear,,,,,,,,,bear,brown_bear,,,,,,,,,
red_fox,,,,,,,,,canine,fox,,,,,,,,,
Norwegian_elkhound,,,,,,,,,canine,dog,,,,,,,,,
Rottweiler,,,,,,,,,canine,dog,,,,,,,,,
Saluki,,,,,,,,,canine,dog,,,,,,,,,
grey_fox,,,,,,,,,canine,fox,,,,,,,,,
schipperke,,,,,,,,,canine,dog,,,,,,,,,
Pekinese,,,,,,,,,canine,dog,,,,,,,,,
Brabancon_griffon,,,,,,,,,canine,dog,,,,,,,,,
West_Highland_white_terrier,,,,,,,,,canine,dog,,,,,,,,,
Sealyham_terrier,,,,,,,,,canine,dog,,,,,,,,,
mongoose,,,,,,,,,viverrine,mongoose,,,,,,,,,
tiger,,,,,,,,,feline,big_cat,,,,,,,,,
Irish_wolfhound,,,,,,,,,canine,dog,,,,,,,,,
EntleBucher,,,,,,,,,canine,dog,,,,,,,,,
French_bulldog,,,,,,,,,canine,dog,,,,,,,,,
basenji,,,,,,,,,canine,dog,,,,,,,,,
leopard,,,,,,,,,feline,big_cat,,,,,,,,,
Bernese_mountain_dog,,,,,,,,,canine,dog,,,,,,,,,
Maltese_dog,,,,,,,,,canine,dog,,,,,,,,,
Norfolk_terrier,,,,,,,,,canine,dog,,,,,,,,,
toy_terrier,,,,,,,,,canine,dog,,,,,,,,,
vizsla,,,,,,,,,canine,dog,,,,,,,,,
cairn,,,,,,,,,canine,dog,,,,,,,,,
groenendael,,,,,,,,,canine,dog,,,,,,,,,
clumber,,,,,,,,,canine,dog,,,,,,,,,
Siamese_cat,,,,,,,,,feline,cat,,,,,,,,,
komondor,,,,,,,,,canine,dog,,,,,,,,,
Afghan_hound,,,,,,,,,canine,dog,,,,,,,,,
Japanese_spaniel,,,,,,,,,canine,dog,,,,,,,,,
white_wolf,,,,,,,,,canine,wolf,,,,,,,,,
ice_bear,,,,,,,,,bear,ice_bear,,,,,,,,,
borzoi,,,,,,,,,canine,dog,,,,,,,,,
toy_poodle,,,,,,,,,canine,dog,,,,,,,,,
Kerry_blue_terrier,,,,,,,,,canine,dog,,,,,,,,,
Scotch_terrier,,,,,,,,,canine,dog,,,,,,,,,
Tibetan_mastiff,,,,,,,,,canine,dog,,,,,,,,,
Doberman,,,,,,,,,canine,dog,,,,,,,,,
Boston_bull,,,,,,,,,canine,dog,,,,,,,,,
Greater_Swiss_Mountain_dog,,,,,,,,,canine,dog,,,,,,,,,
Appenzeller,,,,,,,,,canine,dog,,,,,,,,,
Shih-Tzu,,,,,,,,,canine,dog,,,,,,,,,
Irish_water_spaniel,,,,,,,,,canine,dog,,,,,,,,,
Pomeranian,,,,,,,,,canine,dog,,,,,,,,,
Bedlington_terrier,,,,,,,,,canine,dog,,,,,,,,,
miniature_schnauzer,,,,,,,,,canine,dog,,,,,,,,,
collie,,,,,,,,,canine,dog,,,,,,,,,
golden_retriever,,,,,,,,,canine,dog,,,,,,,,,
Irish_terrier,,,,,,,,,canine,dog,,,,,,,,,
affenpinscher,,,,,,,,,canine,dog,,,,,,,,,
Border_collie,,,,,,,,,canine,dog,,,,,,,,,
boxer,,,,,,,,,canine,dog,,,,,,,,,
silky_terrier,,,,,,,,,canine,dog,,,,,,,,,
beagle,,,,,,,,,canine,dog,,,,,,,,,
Leonberg,,,,,,,,,canine,dog,,,,,,,,,
German_short-haired_pointer,,,,,,,,,canine,dog,,,,,,,,,
dhole,,,,,,,,,canine,wild_dog,,,,,,,,,
Chesapeake_Bay_retriever,,,,,,,,,canine,dog,,,,,,,,,
bull_mastiff,,,,,,,,,canine,dog,,,,,,,,,
kuvasz,,,,,,,,,canine,dog,,,,,,,,,
pug,,,,,,,,,canine,dog,,,,,,,,,
curly-coated_retriever,,,,,,,,,canine,dog,,,,,,,,,
Norwich_terrier,,,,,,,,,canine,dog,,,,,,,,,
flat-coated_retriever,,,,,,,,,canine,dog,,,,,,,,,
keeshond,,,,,,,,,canine,dog,,,,,,,,,
Eskimo_dog,,,,,,,,,canine,dog,,,,,,,,,
Brittany_spaniel,,,,,,,,,canine,dog,,,,,,,,,
standard_poodle,,,,,,,,,canine,dog,,,,,,,,,
Lakeland_terrier,,,,,,,,,canine,dog,,,,,,,,,
snow_leopard,,,,,,,,,feline,big_cat,,,,,,,,,
Gordon_setter,,,,,,,,,canine,dog,,,,,,,,,
dingo,,,,,,,,,canine,wild_dog,,,,,,,,,
standard_schnauzer,,,,,,,,,canine,dog,,,,,,,,,
Tibetan_terrier,,,,,,,,,canine,dog,,,,,,,,,
Arctic_fox,,,,,,,,,canine,fox,,,,,,,,,
wire-haired_fox_terrier,,,,,,,,,canine,dog,,,,,,,,,
basset,,,,,,,,,canine,dog,,,,,,,,,
American_black_bear,,,,,,,,,bear,american_black_bear,,,,,,,,,
chow,,,,,,,,,canine,dog,,,,,,,,,
giant_panda,,,,,,,,,procyonid,giant_panda,,,,,,,,,
American_Staffordshire_terrier,,,,,,,,,canine,dog,,,,,,,,,
Shetland_sheepdog,,,,,,,,,canine,dog,,,,,,,,,
Great_Pyrenees,,,,,,,,,canine,dog,,,,,,,,,
Chihuahua,,,,,,,,,canine,dog,,,,,,,,,
tabby,,,,,,,,,feline,cat,,,,,,,,,
Labrador_retriever,,,,,,,,,canine,dog,,,,,,,,,
Saint_Bernard,,,,,,,,,canine,dog,,,,,,,,,
Samoyed,,,,,,,,,canine,dog,,,,,,,,,
bluetick,,,,,,,,,canine,dog,,,,,,,,,
redbone,,,,,,,,,canine,dog,,,,,,,,,
polecat,,,,,,,,,musteline_mammal,polecat,,,,,,,,,
kelpie,,,,,,,,,canine,dog,,,,,,,,,
miniature_pinscher,,,,,,,,,canine,dog,,,,,,,,,
Italian_greyhound,,,,,,,,,canine,dog,,,,,,,,,
lion,,,,,,,,,feline,big_cat,,,,,,,,,
cocker_spaniel,,,,,,,,,canine,dog,,,,,,,,,
Irish_setter,,,,,,,,,canine,dog,,,,,,,,,
Sussex_spaniel,,,,,,,,,canine,dog,,,,,,,,,
Pembroke,,,,,,,,,canine,dog,,,,,,,,,
Blenheim_spaniel,,,,,,,,,canine,dog,,,,,,,,,
Rhodesian_ridgeback,,,,,,,,,canine,dog,,,,,,,,,
lynx,,,,,,,,,feline,cat,,,,,,,,,
African_hunting_dog,,,,,,,,,canine,wild_dog,,,,,,,,,
Ibizan_hound,,,,,,,,,canine,dog,,,,,,,,,
timber_wolf,,,,,,,,,canine,wolf,,,,,,,,,
cheetah,,,,,,,,,feline,big_cat,,,,,,,,,
English_foxhound,,,,,,,,,canine,dog,,,,,,,,,
briard,,,,,,,,,canine,dog,,,,,,,,,
sloth_bear,,,,,,,,,bear,sloth_bear,,,,,,,,,
Border_terrier,,,,,,,,,canine,dog,,,,,,,,,
German_shepherd,,,,,,,,,canine,dog,,,,,,,,,
otter,,,,,,,,,musteline_mammal,otter,,,,,,,,,
three-toed_sloth,,,,,,,,,edentate,sloth,,,,,,,,,
armadillo,,,,,,,,,edentate,armadillo,,,,,,,,,
hare,,,,,,,,,leporid,hare,,,,,,,,,
Angora,,,,,,,,,leporid,rabbit,,,,,,,,,
wood_rabbit,,,,,,,,,leporid,rabbit,,,,,,,,,
titi,,,,,,,,,primate,monkey,,,,,,,,,
colobus,,,,,,,,,primate,monkey,,,,,,,,,
guenon,,,,,,,,,primate,monkey,,,,,,,,,
indri,,,,,,,,,primate,lemur,,,,,,,,,
orangutan,,,,,,,,,primate,ape,,,,,,,,,
squirrel_monkey,,,,,,,,,primate,monkey,,,,,,,,,
chimpanzee,,,,,,,,,primate,ape,,,,,,,,,
proboscis_monkey,,,,,,,,,primate,monkey,,,,,,,,,
gorilla,,,,,,,,,primate,ape,,,,,,,,,
spider_monkey,,,,,,,,,primate,monkey,,,,,,,,,
siamang,,,,,,,,,primate,ape,,,,,,,,,
patas,,,,,,,,,primate,monkey,,,,,,,,,
baboon,,,,,,,,,primate,monkey,,,,,,,,,
macaque,,,,,,,,,primate,monkey,,,,,,,,,
capuchin,,,,,,,,,primate,monkey,,,,,,,,,
howler_monkey,,,,,,,,,primate,monkey,,,,,,,,,
marmoset,,,,,,,,,primate,monkey,,,,,,,,,
gibbon,,,,,,,,,primate,ape,,,,,,,,,
Madagascar_cat,,,,,,,,,primate,lemur,,,,,,,,,
langur,,,,,,,,,primate,monkey,,,,,,,,,
African_elephant,,,,,,,,,elephant,african_elephant,,,,,,,,,
Indian_elephant,,,,,,,,,elephant,indian_elephant,,,,,,,,,
porcupine,,,,,,,,,rodent,porcupine,,,,,,,,,
fox_squirrel,,,,,,,,,rodent,squirrel,,,,,,,,,
guinea_pig,,,,,,,,,rodent,cavy,,,,,,,,,
hamster,,,,,,,,,rodent,hamster,,,,,,,,,
marmot,,,,,,,,,rodent,marmot,,,,,,,,,
beaver,,,,,,,,,rodent,beaver,,,,,,,,,
ibex,,,,,,,,,ungulate,even-toed_ungulate,,,,,,,,,
gazelle,,,,,,,,,ungulate,even-toed_ungulate,,,,,,,,,
sorrel,,,,,,,,,ungulate,odd-toed_ungulate,,,,,,,,,
bighorn,,,,,,,,,ungulate,even-toed_ungulate,,,,,,,,,
impala,,,,,,,,,ungulate,even-toed_ungulate,,,,,,,,,
hartebeest,,,,,,,,,ungulate,even-toed_ungulate,,,,,,,,,
wild_boar,,,,,,,,,ungulate,even-toed_ungulate,,,,,,,,,
zebra,,,,,,,,,ungulate,odd-toed_ungulate,,,,,,,,,
ram,,,,,,,,,ungulate,even-toed_ungulate,,,,,,,,,
ox,,,,,,,,,ungulate,even-toed_ungulate,,,,,,,,,
warthog,,,,,,,,,ungulate,even-toed_ungulate,,,,,,,,,
Arabian_camel,,,,,,,,,ungulate,even-toed_ungulate,,,,,,,,,
hog,,,,,,,,,ungulate,even-toed_ungulate,,,,,,,,,
water_buffalo,,,,,,,,,ungulate,even-toed_ungulate,,,,,,,,,
bison,,,,,,,,,ungulate,even-toed_ungulate,,,,,,,,,
hippopotamus,,,,,,,,,ungulate,even-toed_ungulate,,,,,,,,,
llama,,,,,,,,,ungulate,even-toed_ungulate,,,,,,,,,
koala,,,,,,,,,marsupial,phalanger,,,,,,,,,
wallaby,,,,,,,,,marsupial,kangaroo,,,,,,,,,
wombat,,,,,,,,,marsupial,wombat,,,,,,,,,
platypus,,,,,,,,,monotreme,platypus,,,,,,,,,
echidna,,,,,,,,,monotreme,echidna,,,,,,,,,
tusker,,,,,,,,,tusker,tusker,,,,,,,,,
cock,,,,,,,,,bird,cock,,,,,,,,,
hen,,,,,,,,,bird,hen,,,,,,,,,
ostrich,,,,,,,,,bird,ratite,,,,,,,,,
brambling,,,,,,,,,bird,oscine,,,,,,,,,
goldfinch,,,,,,,,,bird,oscine,,,,,,,,,
house_finch,,,,,,,,,bird,oscine,,,,,,,,,
junco,,,,,,,,,bird,oscine,,,,,,,,,
indigo_bunting,,,,,,,,,bird,oscine,,,,,,,,,
robin,,,,,,,,,bird,oscine,,,,,,,,,
bulbul,,,,,,,,,bird,oscine,,,,,,,,,
jay,,,,,,,,,bird,oscine,,,,,,,,,
magpie,,,,,,,,,bird,oscine,,,,,,,,,
chickadee,,,,,,,,,bird,oscine,,,,,,,,,
water_ouzel,,,,,,,,,bird,oscine,,,,,,,,,
kite,,,,,,,,,bird,bird_of_prey,,,,,,,,,
bald_eagle,,,,,,,,,bird,bird_of_prey,,,,,,,,,
vulture,,,,,,,,,bird,bird_of_prey,,,,,,,,,
great_grey_owl,,,,,,,,,bird,bird_of_prey,,,,,,,,,
black_grouse,,,,,,,,,bird,game_bird,,,,,,,,,
ptarmigan,,,,,,,,,bird,game_bird,,,,,,,,,
ruffed_grouse,,,,,,,,,bird,game_bird,,,,,,,,,
prairie_chicken,,,,,,,,,bird,game_bird,,,,,,,,,
peacock,,,,,,,,,bird,game_bird,,,,,,,,,
quail,,,,,,,,,bird,game_bird,,,,,,,,,
partridge,,,,,,,,,bird,game_bird,,,,,,,,,
African_grey,,,,,,,,,bird,parrot,,,,,,,,,
macaw,,,,,,,,,bird,parrot,,,,,,,,,
sulphur-crested_cockatoo,,,,,,,,,bird,parrot,,,,,,,,,
lorikeet,,,,,,,,,bird,parrot,,,,,,,,,
coucal,,,,,,,,,bird,cuckoo,,,,,,,,,
bee_eater,,,,,,,,,bird,coraciiform_bird,,,,,,,,,
hornbill,,,,,,,,,bird,coraciiform_bird,,,,,,,,,
hummingbird,,,,,,,,,bird,hummingbird,,,,,,,,,
jacamar,,,,,,,,,bird,piciform_bird,,,,,,,,,
toucan,,,,,,,,,bird,piciform_bird,,,,,,,,,
drake,,,,,,,,,bird,aquatic_bird,,,,,,,,,
red-breasted_merganser,,,,,,,,,bird,aquatic_bird,,,,,,,,,
goose,,,,,,,,,bird,aquatic_bird,,,,,,,,,
black_swan,,,,,,,,,bird,aquatic_bird,,,,,,,,,
white_stork,,,,,,,,,bird,aquatic_bird,,,,,,,,,
black_stork,,,,,,,,,bird,aquatic_bird,,,,,,,,,
spoonbill,,,,,,,,,bird,aquatic_bird,,,,,,,,,
flamingo,,,,,,,,,bird,aquatic_bird,,,,,,,,,
American_egret,,,,,,,,,bird,aquatic_bird,,,,,,,,,
little_blue_heron,,,,,,,,,bird,aquatic_bird,,,,,,,,,
bittern,,,,,,,,,bird,aquatic_bird,,,,,,,,,
crane,,,,,,,,,bird,aquatic_bird,,,,,,,,,
limpkin,,,,,,,,,bird,aquatic_bird,,,,,,,,,
American_coot,,,,,,,,,bird,aquatic_bird,,,,,,,,,
bustard,,,,,,,,,bird,aquatic_bird,,,,,,,,,
ruddy_turnstone,,,,,,,,,bird,aquatic_bird,,,,,,,,,
red-backed_sandpiper,,,,,,,,,bird,aquatic_bird,,,,,,,,,
redshank,,,,,,,,,bird,aquatic_bird,,,,,,,,,
dowitcher,,,,,,,,,bird,aquatic_bird,,,,,,,,,
oystercatcher,,,,,,,,,bird,aquatic_bird,,,,,,,,,
European_gallinule,,,,,,,,,bird,aquatic_bird,,,,,,,,,
pelican,,,,,,,,,bird,aquatic_bird,,,,,,,,,
king_penguin,,,,,,,,,bird,aquatic_bird,,,,,,,,,
albatross,,,,,,,,,bird,aquatic_bird,,,,,,,,,
great_white_shark,,,,,,,,,fish,elasmobranch,,,,,,,,,
tiger_shark,,,,,,,,,fish,elasmobranch,,,,,,,,,
hammerhead,,,,,,,,,fish,elasmobranch,,,,,,,,,
electric_ray,,,,,,,,,fish,elasmobranch,,,,,,,,,
stingray,,,,,,,,,fish,elasmobranch,,,,,,,,,
barracouta,,,,,,,,,fish,barracouta,,,,,,,,,
coho,,,,,,,,,fish,teleost_fish,,,,,,,,,
tench,,,,,,,,,fish,teleost_fish,,,,,,,,,
goldfish,,,,,,,,,fish,teleost_fish,,,,,,,,,
eel,,,,,,,,,fish,teleost_fish,,,,,,,,,
rock_beauty,,,,,,,,,fish,teleost_fish,,,,,,,,,
anemone_fish,,,,,,,,,fish,teleost_fish,,,,,,,,,
lionfish,,,,,,,,,fish,teleost_fish,,,,,,,,,
puffer,,,,,,,,,fish,teleost_fish,,,,,,,,,
sturgeon,,,,,,,,,fish,teleost_fish,,,,,,,,,
gar,,,,,,,,,fish,teleost_fish,,,,,,,,,
loggerhead,,,,,,,,,turtle,sea_turtle,,,,,,,,,
leatherback_turtle,,,,,,,,,turtle,sea_turtle,,,,,,,,,
mud_turtle,,,,,,,,,turtle,mud_turtle,,,,,,,,,
terrapin,,,,,,,,,turtle,terrapin,,,,,,,,,
box_turtle,,,,,,,,,turtle,box_turtle,,,,,,,,,
banded_gecko,,,,,,,,,diapsid,lizard,,,,,,,,,
common_iguana,,,,,,,,,diapsid,lizard,,,,,,,,,
American_chameleon,,,,,,,,,diapsid,lizard,,,,,,,,,
whiptail,,,,,,,,,diapsid,lizard,,,,,,,,,
agama,,,,,,,,,diapsid,lizard,,,,,,,,,
frilled_lizard,,,,,,,,,diapsid,lizard,,,,,,,,,
alligator_lizard,,,,,,,,,diapsid,lizard,,,,,,,,,
Gila_monster,,,,,,,,,diapsid,lizard,,,,,,,,,
green_lizard,,,,,,,,,diapsid,lizard,,,,,,,,,
African_chameleon,,,,,,,,,diapsid,lizard,,,,,,,,,
Komodo_dragon,,,,,,,,,diapsid,lizard,,,,,,,,,
triceratops,,,,,,,,,diapsid,ceratopsian,,,,,,,,,
African_crocodile,,,,,,,,,diapsid,crocodilian_reptile,,,,,,,,,
American_alligator,,,,,,,,,diapsid,crocodilian_reptile,,,,,,,,,
thunder_snake,,,,,,,,,diapsid,snake,,,,,,,,,
ringneck_snake,,,,,,,,,diapsid,snake,,,,,,,,,
hognose_snake,,,,,,,,,diapsid,snake,,,,,,,,,
green_snake,,,,,,,,,diapsid,snake,,,,,,,,,
king_snake,,,,,,,,,diapsid,snake,,,,,,,,,
garter_snake,,,,,,,,,diapsid,snake,,,,,,,,,
water_snake,,,,,,,,,diapsid,snake,,,,,,,,,
vine_snake,,,,,,,,,diapsid,snake,,,,,,,,,
night_snake,,,,,,,,,diapsid,snake,,,,,,,,,
boa_constrictor,,,,,,,,,diapsid,snake,,,,,,,,,
rock_python,,,,,,,,,diapsid,snake,,,,,,,,,
Indian_cobra,,,,,,,,,diapsid,snake,,,,,,,,,
green_mamba,,,,,,,,,diapsid,snake,,,,,,,,,
sea_snake,,,,,,,,,diapsid,snake,,,,,,,,,
horned_viper,,,,,,,,,diapsid,snake,,,,,,,,,
diamondback,,,,,,,,,diapsid,snake,,,,,,,,,
sidewinder,,,,,,,,,diapsid,snake,,,,,,,,,
European_fire_salamander,,,,,,,,,salamander,european_fire_salamander,,,,,,,,,
common_newt,,,,,,,,,salamander,newt,,,,,,,,,
eft,,,,,,,,,salamander,newt,,,,,,,,,
spotted_salamander,,,,,,,,,salamander,ambystomid,,,,,,,,,
axolotl,,,,,,,,,salamander,ambystomid,,,,,,,,,
bullfrog,,,,,,,,,frog,bullfrog,,,,,,,,,
tree_frog,,,,,,,,,frog,tree_frog,,,,,,,,,
tailed_frog,,,,,,,,,frog,tailed_frog,,,,,,,,,
